MATMOTW,OUI,NOTES,ORIGINAL_FORMAT,DATE,MATMOTW_PART,GB_FILE_NAME,TC_LABEL,START_TIME,TIMECODE_ELAPSED,CONVO_SILENCE,CORRECTED _START_TIME,REXPORTED,MASTERING_NOTES
1,TC_001,"Conrad family home. Baldwin, Maryland. Steinway piano.",8mm Cassette,1976-12-25,1,TC_001_01,761225 1/2,00:00-22:45,22:45:00,Missed session break at 22:50. CMA,00:00-22:45,Y,
2,TC_001,"Conrad family home. Baldwin, Maryland. Steinway piano.",8mm Cassette,1976-12-25,2,TC_001_02,761225 1/2,00:00-31:28,31:27:00,CMA,,N,
3,TC_002,With Dan.,8mm Cassette,1977-01-08,1,TC_002_01,770108 1/2 w Dan,00:00-16:36,16:31:00,CMA,,N,
4,TC_002,With Dan.,8mm Cassette,1977-01-08,2,TC_002_01,770108 1/2 w Dan,16:37-30:07,13:28:00,CMA,,N,
5,TC_002,With Dan.,8mm Cassette,1977-01-08,3,TC_002_02,770108 1/2 w Dan,00:00-30:08,30:04:00,CMA,,N,
6,TC_003,David's piano.,8mm Cassette,"1977-01-25, 1977-01-26",1,TC_003_01,"770125 1 Davids Piano, 770126 car NY-BUF w Anne",00:00-19:50,19:48:00,CMA,,N,
7,TC_003,David's piano.,8mm Cassette,"1977-01-25, 1977-01-26",2,TC_003_01,"770125 1 Davids Piano, 770126 car NY-BUF w Anne",19:51-41:48,21:54:00,CMA,19:51-41:48,Y,
8,TC_003,David's piano.,8mm Cassette,"1977-01-25, 1977-01-26",3,TC_003_01,"770125 1 Davids Piano, 770126 car NY-BUF w Anne",41:52-46:13,04:18:00,CMA,41:52-46:13,Y,
9,TC_003,David's piano.,8mm Cassette,"1977-01-25, 1977-01-26",4,TC_003_02,"770125 1 Davids Piano, 770126 car NY-BUF w Anne",00:00-06:48,06:46:00,Convo til 2:30 ish but Tony keeps playing the piano so I think we should leave it in. CMA,00:00-06:48,Y,
10,TC_003,David's piano.,8mm Cassette,"1977-01-25, 1977-01-26",5,TC_003_02,"770125 1 Davids Piano, 770126 car NY-BUF w Anne",06:53-11:57,05:01:00,CMA,06:53-11:57,Y,
11,TC_004,"Anne's house. Newton, Massachusetts.",8mm Cassette,1977-05-07,1,TC_004_02,77050506 The Piano at Annes house I (s 1) 770507 1,00:00-10:00,10:00:00,CMA,00:00-10:04,N,
12,TC_004,"Anne's house. Newton, Massachusetts.",8mm Cassette,1977-05-07,2,TC_004_02,77050506 The Piano at Annes house I (s 1) 770507 1,10:01-12:00,01:52:00,CMA,10:05-12:03,N,
13,TC_004,"Anne's house. Newton, Massachusetts.",8mm Cassette,1977-05-07,3,TC_004_02,77050506 The Piano at Annes house I (s 1) 770507 1,12:04-46:15,34:10:00,"Convo at 17:30 ish but I think we should leave it in, as it is about putting a stick in the piano. CMA",12:04-46:15,Y,
14,TC_004,"Anne's house. Newton, Massachusetts.",8mm Cassette,"1977-05-05, 1977-05-06",1,TC_004_01,77050506 The Piano at Annes house I (s 1) 770507 1,00:00-12:05,11:55:00,CMA,00:00-12:04,N,
15,TC_004,"Anne's house. Newton, Massachusetts.",8mm Cassette,"1977-05-05, 1977-05-06",2,TC_004_01,77050506 The Piano at Annes house I (s 1) 770507 1,12:05-24:00,11:49:00,CMA,12:08-23:59,N,
16,TC_004,"Anne's house. Newton, Massachusetts.",8mm Cassette,"1977-05-05, 1977-05-06",3,TC_004_01,77050506 The Piano at Annes house I (s 1) 770507 1,24:01-39:30,15:14:00,CMA,24:15-39:35,Y,
17,TC_004,"Anne's house. Newton, Massachusetts.",8mm Cassette,"1977-05-05, 1977-05-06",4,TC_004_01,77050506 The Piano at Annes house I (s 1) 770507 1,39:31-44:15,04:11:00,This session should start at 1:15. CMA,39:41-44:15,N,
18,TC_005,"Anne's house. Newton, Massachusetts.",8mm Cassette,1977-05-07,4,TC_005_01,770507 2/3 The Piano at Annes house II,00:00-04:16,04:01:00,CMA,00:00-04:16,Y,
19,TC_005,"Anne's house. Newton, Massachusetts.",8mm Cassette,1977-05-07,5,TC_005_01,770507 2/3 The Piano at Annes house II,04:17-45:49,41:29:00,CMA,04:17-45:49,Y,
20,TC_005,"Anne's house. Newton, Massachusetts.",8mm Cassette,1977-05-07,6,TC_005_02,770507 2/3 The Piano at Annes house II,00:00-45:50,45:47:00,CMA,00:00-45:50,Y,"WAV delivered on 03-21-2016 was incorrect, Gil updated master directory and sent new file 2 Jon on 03-22-2016."
21,TC_006,,8mm Cassette,1977-05-24,1,TC_006_02,770523 1/2 / 770524,00:00-25:09,25:07:00,Cut before convo at end around 25:09. CMA,00:00-25:09,Y,
22,TC_006,,8mm Cassette,1977-05-24,2,TC_006_02,770523 1/2 / 770524,25:22-45:17,19:54:00,CMA,25:22-45:17,Y,
23,TC_006,,8mm Cassette,1977-05-23,,TC_006_01,770523 1/2 / 770524,00:00-45:07,45:03:00,CMA,,N,
24,TC_007,,8mm Cassette,1977-05-25,1,TC_007_01,770525 1/2,00:00-45:53,45:37:00,CMA,,N,
25,TC_007,,8mm Cassette,1977-05-25,2,TC_007_02,770525 1/2,00:00-23:03,22:58:00,CMA,00:00-22:57,N,
26,TC_007,,8mm Cassette,1977-05-25,3,TC_007_02,770525 1/2,23:03-45:52,22:39:00,CMA,23:09-45:52,N,
27,TC_008,,8mm Cassette,1977-05-29,1,TC_008_02,770526 1/2 (s 1 part of s 2) / 770529 1,07:48-45:00,37:21:00,CMA,,Y,
28,TC_008,,8mm Cassette,1977-05-26,1,TC_008_01,770526 1/2 (s 1 part of s 2) / 770529 1,00:00-21:00,20:58:00,CMA,,N,
29,TC_008,,8mm Cassette,1977-05-26,2,TC_008_01,770526 1/2 (s 1 part of s 2) / 770529 1,21:30-45:13,23:40:00,CMA,,N,
30,TC_008,,8mm Cassette,1977-05-26,3,TC_008_02,770526 1/2 (s 1 part of s 2) / 770529 1,00:00-07:48,07:48:00,CMA,,Y,
31,TC_009,,8mm Cassette,1977-06-02,3,TC_009_01,770529 2 (part of s 1) / 770601 1/2 / 770602 A,23:20-24:50,01:25:00,CMA,23:20-24:50,Y,
32,TC_009,,8mm Cassette,1977-06-02,4,TC_009_01,770529 2 (part of s 1) / 770601 1/2 / 770602 A,24:52-45:50,20:55:00,CMA,24:52-45:50,Y,
33,TC_009,,8mm Cassette,1977-06-01,1,TC_009_02,770529 2 (part of s 1) / 770601 1/2 / 770602 A,05:41-45:43,39:57:00,CMA,05:41-45:43,Y,
34,TC_009,,8mm Cassette,1977-06-01,2,TC_009_01,770529 2 (part of s 1) / 770601 1/2 / 770602 A,00:00-23:15,22:53:00,CMA,00:00-23:15,N,
35,TC_009,,8mm Cassette,1977-05-29,2,TC_009_02,770529 2 (part of s 1) / 770601 1/2 / 770602 A,00:00-05:40,05:37:00,CMA,00:00-05:40,N,
36,TC_010,,8mm Cassette,1977-06-02,1,TC_010_01,770602 1 (part of s 1) / 770603 1/2,00:00-10:35,10:32:00,CMA,,N,
37,TC_010,,8mm Cassette,1977-06-02,2,TC_010_01,770602 1 (part of s 1) / 770603 1/2,10:35-25:30,14:47:00,CMA,,N,
38,TC_010,,8mm Cassette,1977-06-03,1,TC_010_01,770602 1 (part of s 1) / 770603 1/2,25:30-46:07,20:33:00,CMA,,N,
39,TC_010,,8mm Cassette,1977-06-03,2,TC_010_02,770602 1 (part of s 1) / 770603 1/2,00:00-24:06,24:03:00,CMA,,N,
40,TC_010,,8mm Cassette,1977-06-03,3,TC_010_02,770602 1 (part of s 1) / 770603 1/2,24:06-46:05,21:54:00,CMA,,N,
41,TC_011,,8mm Cassette,1977-10-28,,TC_011_01,771028 video sound,00:08-29:58,29:48:00,CMA,00:08-29:58,Y,
42,TC_012,,8mm Cassette,1977-06-06,1,TC_012_01,770606 1/2,00:00-10:45,10:43:00,Session break at 10:45 & 22:30 & 42:33 CMA,00:00-10:45,Y,
43,TC_012,,8mm Cassette,1977-06-06,2,TC_012_02,770606 1/2,00:00-29:46,29:42:00,Session break 29:48 CMA,00:00-29:46,Y,
44,TC_013,,8mm Cassette,1977-06-07,1,TC_013_01,770607 1/2,00:00-05:53,05:36:00,CMA,,N,
45,TC_013,,8mm Cassette,1977-06-07,2,TC_013_01,770607 1/2,05:52-25:28,19:28:00,Session break 18:52,05:52-25:28,Y,
46,TC_013,,8mm Cassette,1977-06-07,3,TC_013_02,770607 1/2,00:00-30:58,30:52:00,CMA,00:00-30:58,Y,
47,TC_014,,8mm Cassette,1977-06-08,1,TC_014_01,770608 1/2 (s 1 part of s 2) / 770609 / 770610 1,03:30-37:00,33:24:00,CMA,03:26-37:00,N,
48,TC_014,,8mm Cassette,1977-06-08,2,TC_014_01,770608 1/2 (s 1 part of s 2) / 770609 / 770610 1,37:00-45:57,08:58:00,Should start around 00:10 CMA,,N,
49,TC_014,,8mm Cassette,1977-06-08,3,TC_014_02,770608 1/2 (s 1 part of s 2) / 770609 / 770610 1,00:00-03:17,03:18:00,CMA,,N,
50,TC_014,,8mm Cassette,1977-06-10,1,TC_014_02,770608 1/2 (s 1 part of s 2) / 770609 / 770610 1,22:51-45:59,23:08:00,ANS,,N,
51,TC_014,,8mm Cassette,1977-06-09,,TC_014_02,770608 1/2 (s 1 part of s 2) / 770609 / 770610 1,03:52-22:07,18:15:00,ANS,,N,
52,TC_015,,8mm Cassette,1977-06-10,2,TC_015_01,770610 2/3,02:52-37:20,34:29:00,ANS,,N,
53,TC_015,,8mm Cassette,1977-06-10,3,TC_015_01,770610 2/3,37:57-45:48,07:50:00,ANS talking 01:12 - 01:35,,N,
54,TC_015,,8mm Cassette,1977-06-10,4,TC_015_02,770610 2/3,00:00-25:22,25:18:00,ANS,,N,
55,TC_015,,8mm Cassette,1977-06-10,5,TC_015_02,770610 2/3,25:25-45:50,20:25:00,ANS,,N,
56,TC_016,"Anne's house. Newton, Massachusetts.",8mm Cassette,1977-06-18,1,TC_016_02,770617 Annes house / 770618,00:00-12:06,12:04:00,ANS,,N,
57,TC_016,"Anne's house. Newton, Massachusetts.",8mm Cassette,1977-06-18,2,TC_016_02,770617 Annes house / 770618,12:55-45:08,32:06:00,"ANS - starts with Tony saying ""Ok, last chance"" then playing begins 0:07. I think we should keep this",,N,
58,TC_016,"Anne's house. Newton, Massachusetts.",8mm Cassette,1977-06-17,1,TC_016_01,770617 Annes house / 770618,00:00-03:53,03:53:00,ANS,,N,Drop outs
59,TC_016,"Anne's house. Newton, Massachusetts.",8mm Cassette,1977-06-17,2,TC_016_01,770617 Annes house / 770618,03:52-13:44,09:52:00,ANS,,N,Drop outs
60,TC_016,"Anne's house. Newton, Massachusetts.",8mm Cassette,1977-06-17,3,TC_016_01,770617 Annes house / 770618,14:36-25:45,11:08:00,ANS,,N,Drop outs
61,TC_016,"Anne's house. Newton, Massachusetts.",8mm Cassette,1977-06-17,4,TC_016_01,770617 Annes house / 770618,25:44-32:35,06:52:00,ANS,,N,Drop outs
62,TC_016,"Anne's house. Newton, Massachusetts.",8mm Cassette,1977-06-17,5,TC_016_01,770617 Annes house / 770618,32:38-45:06,12:27:00,ANS,,N,Drop outs
63,TC_017,"Conrad family home. Baldwin, Maryland. Steinway piano.",8mm Cassette,"1977-08-22, 1977-08-23",1,TC_017_01,770822 Piano Baldwin (pt of s 1) / 770823 1/2,00:00-9:57,09:52:00,ANS,00:00-9:57,Y,
64,TC_017,"Conrad family home. Baldwin, Maryland. Steinway piano.",8mm Cassette,"1977-08-22, 1977-08-23",2,TC_017_01,770822 Piano Baldwin (pt of s 1) / 770823 1/2,9:59-18:42,08:41:00,ANS,,N,
65,TC_017,"Conrad family home. Baldwin, Maryland. Steinway piano.",8mm Cassette,"1977-08-22, 1977-08-23",3,TC_017_01,770822 Piano Baldwin (pt of s 1) / 770823 1/2,18:42-21:25,02:43:00,ANS,,N,
66,TC_017,"Conrad family home. Baldwin, Maryland. Steinway piano.",8mm Cassette,"1977-08-22, 1977-08-23",4,TC_017_01,770822 Piano Baldwin (pt of s 1) / 770823 1/2,21:25-31:16,09:45:00,ANS  ,,N,
67,TC_017,"Conrad family home. Baldwin, Maryland. Steinway piano.",8mm Cassette,"1977-08-22, 1977-08-23",5,TC_017_02,770822 Piano Baldwin (pt of s 1) / 770823 1/2,00:00-9:59,09:58:00,ANS,,N,
68,TC_017,"Conrad family home. Baldwin, Maryland. Steinway piano.",8mm Cassette,"1977-08-22, 1977-08-23",6,TC_017_02,770822 Piano Baldwin (pt of s 1) / 770823 1/2,9:59-31:15,21:14:00,ANS,,N,
69,TC_018,"Conrad family home. Baldwin, Maryland. Steinway piano.",8mm Cassette,1977-08-25,1,TC_018_01,770825 Baldwin,00:00-12:38,12:40:00,ANS 12:38 - 12:53  silence. 29:28 - 29:41 silence / talking in background.,00:00-12:38,Y,
70,TC_019,"Conrad family home. Baldwin, Maryland. Steinway piano.",8mm Cassette,1977-08-25,2,TC_019_01,770825 1/2 Piano Baldwin / The Fugs,00:00-30:57,30:56:00,CMA,,N,Mono
71,TC_019,"Conrad family home. Baldwin, Maryland. Steinway piano.",8mm Cassette,1977-08-25,3,TC_019_02,770825 1/2 Piano Baldwin / The Fugs,00:00-04:02,04:01:00,CMA,,N,Drop outs
72,TC_020,"Conrad family home. Baldwin, Maryland. Steinway piano.",8mm Cassette,1977-08-26,1,TC_020_01,770826 Tony-Piano Baldwin (s 1) (copy of Dans orig?) / Preston piano,00:00-30:16,30:07:00,CMA,,N,
73,TC_020,"Conrad family home. Baldwin, Maryland. Steinway piano.",8mm Cassette,1977-08-26,2,TC_020_02,770826 Tony-Piano Baldwin (s 1) (copy of Dans orig?) / Preston piano,00:30-10:45,10:04:00,Session break at 14:51? CMA,00:30-10:45,Y,
74,TC_021,"Conrad family home. Baldwin, Maryland. Steinway piano.",8mm Cassette,1977-09-17,1,TC_021_01,770917 1/2 Baldwin (s 1-Good! s 2-Not Too Great),00:00-15:30,15:26:00,CMA,,N,
75,TC_021,"Conrad family home. Baldwin, Maryland. Steinway piano.",8mm Cassette,1977-09-17,2,TC_021_01,770917 1/2 Baldwin (s 1-Good! s 2-Not Too Great),15:34-31:11,15:37:00,CMA,,N,
76,TC_021,"Conrad family home. Baldwin, Maryland. Steinway piano.",8mm Cassette,1977-09-17,3,TC_021_02,770917 1/2 Baldwin (s 1-Good! s 2-Not Too Great),00:02-08:52,08:49:00,CMA,,N,
77,TC_021,"Conrad family home. Baldwin, Maryland. Steinway piano.",8mm Cassette,1977-09-17,4,TC_021_02,770917 1/2 Baldwin (s 1-Good! s 2-Not Too Great),08:54-31:10,22:16:00,ANS,,N,
78,TC_022,"Conrad family home. Baldwin, Maryland. Steinway piano.",8mm Cassette,1977-09-18,1,TC_022_01,770918 A/B Baldwin Sunday (s 1-Slow Nice s 2-good santur style),00:08-31:20,31:10:00,ANS - no fade out,,N,
79,TC_022,"Conrad family home. Baldwin, Maryland. Steinway piano.",8mm Cassette,1977-09-18,2,TC_022_02,770918 A/B Baldwin Sunday (s 1-Slow Nice s 2-good santur style),00:04-03:12,03:05:00,ANS,,N,
80,TC_022,"Conrad family home. Baldwin, Maryland. Steinway piano.",8mm Cassette,1977-09-18,3,TC_022_02,770918 A/B Baldwin Sunday (s 1-Slow Nice s 2-good santur style),03:12-08:34,05:17:00,ANS,,N,
81,TC_022,"Conrad family home. Baldwin, Maryland. Steinway piano.",8mm Cassette,1977-09-18,4,TC_022_02,770918 A/B Baldwin Sunday (s 1-Slow Nice s 2-good santur style),08:38-13:09,04:30:00,ANS - 3:53 some talking,08:38-13:09,Y,
82,TC_022,"Conrad family home. Baldwin, Maryland. Steinway piano.",8mm Cassette,1977-09-18,5,TC_022_02,770918 A/B Baldwin Sunday (s 1-Slow Nice s 2-good santur style),19:13-28:16,09:03:00,ANS,,N,
83,TC_022,"Conrad family home. Baldwin, Maryland. Steinway piano.",8mm Cassette,1977-09-18,6,TC_022_02,770918 A/B Baldwin Sunday (s 1-Slow Nice s 2-good santur style),28:19-31:20,03:01:00,ANS,,N,
84,TC_023,"Conrad family home. Baldwin, Maryland. Steinway piano.",8mm Cassette,1977-09-18,7,TC_023_01,770918 1/2 Great Baldwin Steinway,00:00-19:11,18:58:00,ANS,,N,
85,TC_023,"Conrad family home. Baldwin, Maryland. Steinway piano.",8mm Cassette,1977-09-18,8,TC_023_01,770918 1/2 Great Baldwin Steinway,19:11-27:14,08:00:00,ANS,,N,
86,TC_023,"Conrad family home. Baldwin, Maryland. Steinway piano.",8mm Cassette,1977-09-18,9,TC_023_01,770918 1/2 Great Baldwin Steinway,27:14-31:25,04:09:00,ANS,,N,
87,TC_023,"Conrad family home. Baldwin, Maryland. Steinway piano.",8mm Cassette,1977-09-18,10,TC_023_02,770918 1/2 Great Baldwin Steinway,00:00-17:10,17:08:00,ANS,,N,
88,TC_023,"Conrad family home. Baldwin, Maryland. Steinway piano.",8mm Cassette,1977-09-18,11,TC_023_02,770918 1/2 Great Baldwin Steinway,17:10-22:06,04:56:00,ANS,,N,
89,TC_023,"Conrad family home. Baldwin, Maryland. Steinway piano.",8mm Cassette,1977-09-18,12,TC_023_02,770918 1/2 Great Baldwin Steinway,22:09-27:09,04:58:00,ANS,,N,
90,TC_023,"Conrad family home. Baldwin, Maryland. Steinway piano.",8mm Cassette,1977-09-18,13,TC_023_02,770918 1/2 Great Baldwin Steinway,28:51-31:16,02:17:00,ANS,,N,
91,TC_024,"Conrad family home. Baldwin, Maryland. Steinway piano.",8mm Cassette,1977-09-18,14,TC_024_01,770918 3/4 Baldwin (s 1-Very nice pt of s 2-Spanish) / 771004 1,00:00-12:45,12:44:00,ANS silence around 04:00,,N,
92,TC_024,"Conrad family home. Baldwin, Maryland. Steinway piano.",8mm Cassette,1977-09-18,15,TC_024_01,770918 3/4 Baldwin (s 1-Very nice pt of s 2-Spanish) / 771004 1,12:45-45:26,32:36:00,ANS talking 23:38. no fade out.,,N,
93,TC_024,"Conrad family home. Baldwin, Maryland. Steinway piano.",8mm Cassette,1977-09-18,16,TC_024_02,770918 3/4 Baldwin (s 1-Very nice pt of s 2-Spanish) / 771004 1,00:00-10:26,10:19:00,CMA,00:00-10:26,Y,
94,TC_024,"Conrad family home. Baldwin, Maryland. Steinway piano.",8mm Cassette,1977-10-04,4,TC_024_02,770918 3/4 Baldwin (s 1-Very nice pt of s 2-Spanish) / 771004 1,10:39-45:04,34:25:00,CMA,,N,
95,TC_025,"Conrad family home. Baldwin, Maryland. Steinway piano.",8mm Cassette,1977-09-19,1,TC_025_01,770919 Baldwin-short (pt of s 1) / 771011,00:00-04:20,04:15:00,CMA,00:00-04:20,Y(Incorrect timecode: needs re-exporting),Low levels
96,TC_025,"Conrad family home. Baldwin, Maryland. Steinway piano.",8mm Cassette,1977-09-19,2,TC_025_01,770919 Baldwin-short (pt of s 1) / 771011,4:27-06:35,02:07:00,CMA,4:27-06:35,Y,Low levels- Left side cuts out
97,TC_025,,8mm Cassette,1977-10-11,1,TC_025_01,770919 Baldwin-short (pt of s 1) / 771011,06:39-08:55,02:14:00,Session break 23:30? CMA,06:39-08:55,Y,Low levels- Left side cuts out
98,TC_026,"University at Buffalo, New York. Weber piano.",8mm Cassette,1977-09-20,1,TC_026_01,770920 1/2 Weber (s 2-Good Piece in D with C),00:00-11:35,11:34:00,CMA,00:00-11:35,Y,
99,TC_026,"University at Buffalo, New York. Weber piano.",8mm Cassette,1977-09-20,2,TC_026_02,770920 1/2 Weber (s 2-Good Piece in D with C),00:02-31:22,31:13:00,CMA,,N,
100,TC_027,,8mm Cassette,1977-09-29,1,TC_027_01,770929 1/2,00:05-30:40,30:32:00,EK,,N,Low levels
101,TC_027,,8mm Cassette,1977-09-29,2,TC_027_02,770929 1/2,00:02-19:34,19:28:00,EK,,N,Low levels
102,TC_027,,8mm Cassette,1977-09-29,3,TC_027_02,770929 1/2,19:35-30:39,11:03:00,EK,,N,Low levels
103,TC_028,"University at Buffalo, New York. Weber piano.",8mm Cassette,1977-09-30,1,TC_028_01,770930 1 Weber (pt of s 1) / 771004 1/2,00:00-21:46,21:44:00,EK,,N,"Audio only on one channel, need to fix or make mono."
104,TC_028,"Conrad family home. Baldwin, Maryland. Steinway piano.",8mm Cassette,1977-10-04,1,TC_028_01,770930 1 Weber (pt of s 1) / 771004 1/2,21:47-31:18,09:28:00,EK,,N,"Audio only on one channel, need to fix or make mono."
105,TC_028,"Conrad family home. Baldwin, Maryland. Steinway piano.",8mm Cassette,1977-10-04,2,TC_028_02,770930 1 Weber (pt of s 1) / 771004 1/2,00:00-29:03,29:03:00,EK,,N,
106,TC_028,"Conrad family home. Baldwin, Maryland. Steinway piano.",8mm Cassette,1977-10-04,3,TC_028_02,770930 1 Weber (pt of s 1) / 771004 1/2,29:07-31:17,02:09:00,EK,,N,
107,TC_029,,8mm Cassette,1977-10-07,,TC_029_02,770930 2/3 Weber (s 1 fragment on s 2) / 771007,01:33-13:25,11:40:00,EK,,N,Mono
108,TC_029,"University at Buffalo, New York. Weber piano.",8mm Cassette,1977-09-30,2,TC_029_01,770930 2/3 Weber (s 1 fragment on s 2) / 771007,00:05-20:39,20:23:00,EK,,N,Mono
109,TC_029,"University at Buffalo, New York. Weber piano.",8mm Cassette,1977-09-30,3,TC_029_01,770930 2/3 Weber (s 1 fragment on s 2) / 771007,20:42-44:48,24:06:00,EK,20:42-44:48,Y,Mono
110,TC_029,"University at Buffalo, New York. Weber piano.",8mm Cassette,1977-09-30,4,TC_029_02,770930 2/3 Weber (s 1 fragment on s 2) / 771007,00:00-01:28,01:28:00,EK,,N,Mono
111,TC_030,,8mm Cassette,1977-10-Unknown,1,TC_030_01,77100# / 771026 1/2,00:00-19:19,19:05:00,EK,,N,
112,TC_030,,8mm Cassette,1977-10-Unknown,2,TC_030_01,77100# / 771026 1/2,19:22-30:01,10:39:00,EK,,N,
113,TC_030,,8mm Cassette,1977-10-26,,TC_030_02,77100# / 771026 1/2,00:04-30:04,30:00:00,EK,00:04-30:04,Y,
114,TC_031,"Whiteman Street. Yellow Springs, Ohio.",8mm Cassette,1977-10-09,1,TC_031_01,771009 Whiteman St. / 771014 2 / SLL Outtakes,02:20-04:34,02:14:00,EK,,N,
115,TC_031,"Whiteman Street. Yellow Springs, Ohio.",8mm Cassette,1977-10-09,2,TC_031_01,771009 Whiteman St. / 771014 2 / SLL Outtakes,04:35-15:55,11:16:00,EK,,N,
116,TC_031,"Whiteman Street. Yellow Springs, Ohio.",8mm Cassette,1977-10-09,3,TC_031_01,771009 Whiteman St. / 771014 2 / SLL Outtakes,15:56-18:19,02:17:00,EK,,N,
117,TC_031,"Whiteman Street. Yellow Springs, Ohio.",8mm Cassette,1977-10-09,4,TC_031_01,771009 Whiteman St. / 771014 2 / SLL Outtakes,18:20-45:29,27:08:00,EK,,N,
118,TC_031,"University at Buffalo, New York. Weber piano.",8mm Cassette,1977-10-14,2,TC_031_02,771009 Whiteman St. / 771014 2 / SLL Outtakes,00:07-34:10,33:56:00,EK,,N,
119,TC_031,"University at Buffalo, New York. Weber piano.",8mm Cassette,1977-10-14,3,TC_031_02,771009 Whiteman St. / 771014 2 / SLL Outtakes,34:15-38:50,04:34:00,EK,,N,
120,TC_031,"University at Buffalo, New York. Weber piano.",8mm Cassette,1977-10-14,4,TC_031_02,771009 Whiteman St. / 771014 2 / SLL Outtakes,38:54-42:10,03:15:00,EK,,N,
121,TC_031,"University at Buffalo, New York. Weber piano.",8mm Cassette,1977-10-14,5,TC_031_02,771009 Whiteman St. / 771014 2 / SLL Outtakes,42:11-45:29,03:17:00,EK,,N,
122,TC_032,"University at Buffalo, New York. Weber piano.",8mm Cassette,1977-10-13,,TC_032_01,771013 Weber / 771014 1,00:00-46:02,46:02:00,EK,00:00-46:02,Y,
123,TC_032,"University at Buffalo, New York. Weber piano.",8mm Cassette,1977-10-14,1,TC_032_02,771013 Weber / 771014 1,00:00-46:00,45:58:00,EK,,N,
124,TC_033,"University at Buffalo, New York. Weber piano.",8mm Cassette,1977-10-15,1,TC_033_01,771015 1/2 Weber (head s 1-track 1 very poor),00:00-30:34,30:34:00,EK,,N,
125,TC_033,"University at Buffalo, New York. Weber piano.",8mm Cassette,1977-10-15,2,TC_033_02,771015 1/2 Weber (head s 1-track 1 very poor),00:00-09:47,09:36:00,EK,,N,
126,TC_034,"University at Buffalo, New York. Weber piano (Heintzman). With Polidori.",8mm Cassette,1977-10-20,1,TC_034_01,771020 1/2 Polidori-Conrad I Weber (Heintzman),00:01-12:56,12:54:00,EK talking 08:51 - 09:30,00:01-12:56,Y,
127,TC_034,"University at Buffalo, New York. Weber piano (Heintzman). With Polidori.",8mm Cassette,1977-10-20,3,TC_034_02,771020 1/2 Polidori-Conrad I Weber (Heintzman),00:00-29:25,29:25:00,EK,,N,
128,TC_035,"University at Buffalo, New York. Weber piano (Heintzman). With Polidori.",8mm Cassette,1977-10-20,4,TC_035_01,771020 3/4 Polidori-Conrad II Weber (Heintzman)(s 2 with Steve King too),00:00-13:03,13:02:00,EK,,N,
129,TC_035,"University at Buffalo, New York. Weber piano (Heintzman). With Polidori.",8mm Cassette,1977-10-20,5,TC_035_01,771020 3/4 Polidori-Conrad II Weber (Heintzman)(s 2 with Steve King too),13:04-30:53,17:51:00,EK,13:04-30:53,Y,
130,TC_035,"University at Buffalo, New York. Weber piano (Heintzman). With Polidori.",8mm Cassette,1977-10-20,6,TC_035_02,771020 3/4 Polidori-Conrad II Weber (Heintzman)(s 2 with Steve King too),00:00-26:10,26:01:00,EK,,N,
131,TC_035,"University at Buffalo, New York. Weber piano (Heintzman). With Polidori.",8mm Cassette,1977-10-20,7,TC_035_02,771020 3/4 Polidori-Conrad II Weber (Heintzman)(s 2 with Steve King too),26:26-30:52,04:27:00,EK,,N,
132,TC_036,"University at Buffalo, New York. Weber piano.",8mm Cassette,1977-10-21,1,TC_036_01,771021 1/2 Weber,00:00-30:36,30:37:00,EK,,N,
133,TC_036,"University at Buffalo, New York. Weber piano.",8mm Cassette,1977-10-21,2,TC_036_02,771021 1/2 Weber,00:00-30:37,30:37:00,EK,,N,
134,TC_037,,8mm Cassette,1977-11-20,,TC_037_02,771021 3 Weber / 771120,00:00-09:42,09:41:00,EK,00:00-09:42,Y,
135,TC_037,"University at Buffalo, New York. Weber piano.",8mm Cassette,1977-10-21,3,TC_037_01,771021 3 Weber / 771120,00:00-30:00,30:00:00,EK,,N,
136,TC_038,,8mm Cassette,1977-10-29,,TC_038_01,771029 / 771031 3,00:05-30:06,30:01:00,EK,,N,
137,TC_038,,8mm Cassette,1977-10-31,3,TC_038_02,771029 / 771031 3,00:00-30:08,30:03:00,EK,,N,
138,TC_039,,8mm Cassette,1977-10-31,1,TC_039_01,771031 1/2 Monday. S 2: Bass in Eflat alternate hands,00:00-45:48,45:46:00,EK,00:00-45:48,Y,
139,TC_039,,8mm Cassette,1977-10-31,2,TC_039_02,771031 1/2 Monday. S 2: Bass in Eflat alternate hands,00:00-45:37,45:37:00,EK,,N,
140,TC_040,,8mm Cassette,1977-11-23,2,TC_040_02,771101 1 (Flag tape) / 771123 2,00:00-24:36,24:33:00,EK,,N,
141,TC_040,,8mm Cassette,1977-11-01,,TC_040_01,771101 1 (Flag tape) / 771123 2,00:00-24:42,24:41:00,EK,00:00-24:42,Y,
142,TC_041,,8mm Cassette,1977-11-03,,TC_041_02,771102 1 / 77110203,00:00-30:48,30:46:00,EK,,N,
143,TC_041,,8mm Cassette,1977-11-02,1,TC_041_01,771102 1 / 77110203,00:00-20:04,19:58:00,EK,,N,
144,TC_041,,8mm Cassette,1977-11-02,2,TC_041_01,771102 1 / 77110203,20:05-30:51,10:54:00,EK,20:05-30:51,Y,
145,TC_042,,8mm Cassette,1977-11-15,1,TC_042_02,771106 1/2 Annes grand / 771115 1,00:00-09:42,09:26:00,EK,,N,
146,TC_042,,8mm Cassette,1977-11-15,2,TC_042_02,771106 1/2 Annes grand / 771115 1,09:43-28:12,18:24:00,EK,,N,
147,TC_042,"Anne's house. Newton, Massachusetts.",8mm Cassette,1977-11-06,1,TC_042_01,771106 1/2 Annes grand / 771115 1,00:15-16:33,16:10:00,EK,,N,
148,TC_042,"Anne's house. Newton, Massachusetts.",8mm Cassette,1977-11-06,2,TC_042_01,771106 1/2 Annes grand / 771115 1,18:09-28:12,10:04:00,EK,,N,
149,TC_043,,8mm Cassette,1977-11-13,,TC_043_02,771110 Rollin Riot / 771113,00:00-25:23,25:17:00,EK 24:30 - 26:00,00:00-25:23,Y,
150,TC_043,,8mm Cassette,1977-11-10,,TC_043_01,771110 Rollin Riot / 771113,00:00-30:53,30:52:00,EK,,N,
151,TC_044,,8mm Cassette,1977-11-14,,TC_044_01,771114 / 771116 2,00:00-46:02,45:47:00,EK,,N,
152,TC_044,,8mm Cassette,1977-11-16,1,TC_044_02,771114 / 771116 2,00:00-45:21,45:20:00,EK,,N,
153,TC_045,,8mm Cassette,Unknown 1,1,TC_045_01,Copy of piano,00:00-39:36,38:32:00,EK talking 25:50 - 26:10,,N,
154,TC_045,,8mm Cassette,Unknown 1,2,TC_045_02,Copy of piano,00:00-24:06,23:37:00,EK,,N,
155,TC_045,,8mm Cassette,Unknown 1,3,TC_045_02,Copy of piano,24:07-45:36,21:25:00,EK,,N,
156,TC_046,,8mm Cassette,1977-11-15,3,TC_046_01,771115 2 PM (part of one side) / 771116 1,00:00-21:23,21:16:00,EK,,N,
157,TC_046,,8mm Cassette,1977-11-16,2,TC_046_01,771115 2 PM (part of one side) / 771116 1,21:24-27:53,06:27:00,EK,,N,
158,TC_046,,8mm Cassette,1977-11-16,3,TC_046_02,771115 2 PM (part of one side) / 771116 1,00:00-00:19,00:18:00,EK,,N,
159,TC_047,,8mm Cassette,1977-11-23,1,TC_047_02,771116 3 / 771123 1,00:00-45:35,45:35:00,EK,,N,
160,TC_047,,8mm Cassette,1977-11-16,4,TC_047_01,771116 3 / 771123 1,00:00-45:10,45:03:00,EK,,N,
161,TC_048,,8mm Cassette,1977-11-29,,TC_048_02,771128 1 / 771129,00:00-31:23,31:23:00,EK,,N,
162,TC_048,,8mm Cassette,1977-11-28,,TC_048_01,771128 1 / 771129,00:00-31:28,31:30:00,EK,,N,
163,TC_049,,8mm Cassette,1977-12-03,,TC_049_02,771130 1 / 771203 / 771205 2,00:00-25:44,25:44:00,EK,00:00-25:44,Y,"Low levels, distortion"
164,TC_049,,8mm Cassette,1977-12-05,1,TC_049_02,771130 1 / 771203 / 771205 2,25:50-31:20,05:29:00,EK,25:50-31:20,Y,"Low levels, distortion"
165,TC_049,,8mm Cassette,1977-11-30,,TC_049_01,771130 1 / 771203 / 771205 2,00:00-31:13,31:13:00,EK,,N,
166,TC_050,,8mm Cassette,1977-12-05,2,TC_050_01,771205 1 / 771206 1,00:12-30:56,30:41:00,EK,,N,
167,TC_050,,8mm Cassette,1977-12-06,,TC_050_02,771205 1 / 771206 1,00:00-30:58,30:57:00,EK,,N,
168,TC_051,,8mm Cassette,1977-12-07,1,TC_051_01,771207 1/2,00:02-31:09,30:49:00,EK,,N,
169,TC_051,,8mm Cassette,1977-12-07,3,TC_051_02,771207 1/2,14:02-17:03,02:54:00,EK,,N,
170,TC_051,,8mm Cassette,1977-12-07,2,TC_051_02,771207 1/2,00:01-14:02,13:54:00,EK,,N,
171,TC_052,,8mm Cassette,1978-01-13,,TC_052_02,771212 1 / 780113,00:00-31:00,30:41:00,EK,,N,
172,TC_052,,8mm Cassette,1977-12-12,,TC_052_01,771212 1 / 780113,00:00-30:55,30:51:00,EK,,N,
173,TC_053,"The Kitchen. New York, New York.",8mm Cassette,1977-12-18,1,TC_053_02,771216 1 / 771218 A,00:18-01:57,01:31:00,EK,,N,
174,TC_053,"The Kitchen. New York, New York.",8mm Cassette,1977-12-18,4,TC_053_02,771216 1 / 771218 A,02:30-06:35,03:57:00,EK,,N,
175,TC_053,,8mm Cassette,1977-12-16,,TC_053_01,771216 1 / 771218 A,00:00-30:38,30:23:00,EK (quality gets better after 8min),,N,"Bad quality, distortion, tape warbling"
176,TC_054,"The Kitchen. New York, New York.",8mm Cassette,1977-12-18,2,TC_054_01,771218 B Tony Plays/The Kitchen Sunday (1 side only) / Music from David,00:00-31:12,31:14:00,EK some drop outs 13:00-15:00,,N,
177,TC_054,"The Kitchen. New York, New York.",8mm Cassette,1977-12-18,3,TC_054_02,771218 B Tony Plays/The Kitchen Sunday (1 side only) / Music from David,00:00-11:28,11:08:00,EK,,N,
178,TC_055,,8mm Cassette,1977-12-26,,TC_055_01,771226 1/2,00:00-30:39,30:24:00,"EK talking 5:00 - 5:35, 20:00 - 21:20",,N,
179,TC_056,,8mm Cassette,1977-12-27,1,TC_056_01,771227 1/2,00:00-30:42,30:37:00,EK,,N,
180,TC_056,,8mm Cassette,1977-12-27,2,TC_056_02,771227 1/2,00:00-30:40,30:31:00,EK,,N,
181,TC_057,,8mm Cassette,1977-12-28,,TC_057_02,77122728 / 771228 2,00:00-45:37,45:32:00,EK,,N,
182,TC_057,,8mm Cassette,"1977-12-27, 1977-12-28",1,TC_057_01,77122728 / 771228 2,00:00-28:40,28:39:00,EK 28:34 - 29:00,00:00-28:40,Y,"Drop outs, distortion, 00:00 - 15:00"
183,TC_058,"The Kitchen. New York, New York.",8mm Cassette,1977-12-29,4,TC_058_02,771229 1/2 Kitchen Piano (pt of s 2 blank)(undated),12:39-17:10,04:18:00,EK,,N,
184,TC_058,"The Kitchen. New York, New York.",8mm Cassette,1977-12-29,3,TC_058_02,771229 1/2 Kitchen Piano (pt of s 2 blank)(undated),00:00-10:05,10:06:00,EK,(talking 08:05-9:30),N,
185,TC_058,"The Kitchen. New York, New York.",8mm Cassette,1977-12-29,2,TC_058_01,771229 1/2 Kitchen Piano (pt of s 2 blank)(undated),10:05-30:48,20:45:00,EK,,N,L channel drop outs/distortion
186,TC_058,"The Kitchen. New York, New York.",8mm Cassette,1977-12-29,1,TC_058_01,771229 1/2 Kitchen Piano (pt of s 2 blank)(undated),00:00-07:56,07:58:00,EK,,N,
187,TC_059,"Tiding Over'. The Kitchen. New York, New York.",8mm Cassette,1977-12-29,7,TC_059_02,"771229 Kitchen: Tiding Over I (Dub from 1/4"") (2 sides)",05:14-31:06,25:54:00,EK,,N,
188,TC_059,"Tiding Over'. The Kitchen. New York, New York.",8mm Cassette,1977-12-29,5,TC_059_01,"771229 Kitchen: Tiding Over I (Dub from 1/4"") (2 sides)",00:00-04:44,04:40:00,"EK silence 4:38-06:10, no fade out",00:00-04:44,Y,
189,TC_059,"Tiding Over'. The Kitchen. New York, New York.",8mm Cassette,1977-12-29,6,TC_059_02,"771229 Kitchen: Tiding Over I (Dub from 1/4"") (2 sides)",00:00-04:52,04:54:00,EK timecode error ends at 4:10,,N,
190,TC_060,"The Kitchen. New York, New York.",8mm Cassette,1977-12-30,1,TC_060_01,771230 1/2 Kitchen Piano,00:00-31:05,31:07:00,EK,,N,
191,TC_060,"The Kitchen. New York, New York.",8mm Cassette,1977-12-30,2,TC_060_02,771230 1/2 Kitchen Piano,00:01-20:05,20:06:00,EK,,N,
192,TC_061,"Tiding Over'. The Kitchen. New York, New York.",8mm Cassette,1977-12-30,3,TC_061_01,"771230 Kitchen: Tiding Over II (Dub from 1/4"") (2 sides)",00:00-31:08,31:10:00,EK silence 10:26 - 10:41,,N,
193,TC_061,"Tiding Over'. The Kitchen. New York, New York.",8mm Cassette,1977-12-30,4,TC_061_02,"771230 Kitchen: Tiding Over II (Dub from 1/4"") (2 sides)",00:00-21:57,21:59:00,"EK silence 5:25 - 6:50, 13:50 - 14:10, 17:00 - 17:38. session ends at 21:25",,N,
194,TC_062,"Anne's house. Newton, Massachusetts.",8mm Cassette,1978-01-01,3,TC_062_02,780101 1/2 New Years 78 at Annes,02:14-08:13,06:01:00,EK,,N,
195,TC_062,"Anne's house. Newton, Massachusetts.",8mm Cassette,1978-01-01,1,TC_062_01,780101 1/2 New Years 78 at Annes,00:00-30:52,30:54:00,"EK some dropouts on alternating channels throughout, exort as mono?",,N,"Low levels, distortion, 00:00 - 10:00"
196,TC_062,"Anne's house. Newton, Massachusetts.",8mm Cassette,1978-01-01,2,TC_062_02,780101 1/2 New Years 78 at Annes,00:00-01:24,01:26:00,EK,,N,
197,TC_063,"Anne's house. Newton, Massachusetts.",8mm Cassette,1978-01-01,4,TC_063_01,780101 3 / 78010102,00:00-31:00,31:02:00,EK,,N,
198,TC_063,"Anne's house. Newton, Massachusetts.",8mm Cassette,1978-01-01,5,TC_063_02,780101 3 / 78010102,00:00-05:57,05:59:00,EK,,N,
199,TC_063,,8mm Cassette,1978-01-02,,TC_063_02,780101 3 / 78010102,06:06-24:04,18:00:00,EK,,N,
200,TC_064,,8mm Cassette,1978-01-19,,TC_064_02,78010# 3 Days in First Part of Jan 78 / 780119,00:00-28:10,28:06:00,"GMG Silence 23:40-23:52, Silence 26:07-27:10",,N,
201,TC_064,,8mm Cassette,1978-01-Unknown,1,TC_064_01,78010# 3 Days in First Part of Jan 78 / 780119,00:00-10:27,10:18:00,GMG Tape recorder shutting off sound at end,,N,
202,TC_064,,8mm Cassette,1978-01-Unknown,2,TC_064_01,78010# 3 Days in First Part of Jan 78 / 780119,10:27-21:32,10:58:00,GMG,,N,
203,TC_064,,8mm Cassette,1978-01-Unknown,3,TC_064_01,78010# 3 Days in First Part of Jan 78 / 780119,21:34-28:12,06:37:00,GMG,,N,
204,TC_065,,8mm Cassette,1978-01-20,,TC_065_01,780120 / 780121 1/2,00:00-30:53,30:55:00,GMG - Hard to tell because the levels were so low,,N,extreme low levels
205,TC_065,,8mm Cassette,1978-01-21,,TC_065_02,780120 / 780121 1/2,00:00-30:52,30:53:00,GMG - Hard to tell because the levels were so low,,N,extreme low levels
206,TC_066,,8mm Cassette,1978-01-22,1,TC_066_01,780122 1/2,00:01-30:42,30:36:00,GMG,,N,
207,TC_066,,8mm Cassette,1978-01-22,2,TC_066_02,780122 1/2,00:02-30:40,30:39:00,GMG Left channel distorted,,N,
208,TC_067,,8mm Cassette,1978-01-23,1,TC_067_01,780123 1/2 mostly practice,00:00-24:30,24:30:00,"GMG Talking from 24:31-25:36, Warbling from 25:38-26:00",00:00-24:30,Y,
209,TC_067,,8mm Cassette,1978-01-23,2,TC_067_02,780123 1/2 mostly practice,00:00-31:08,31:06:00,GMG Talking 25:20-25:29  ,,N,
210,TC_068,,8mm Cassette,1978-01-24,1,TC_068_01,780124 1/2,00:00-25:08,25:02:00,"GMG Someone knocks on door, so I assumed there was a break after _ CMA",00:00-25:08,Y,
211,TC_068,,8mm Cassette,1978-01-24,3,TC_068_02,780124 1/2,00:00-30:40,30:38:00,GMG,,N,L channel drop out 5:00
212,TC_069,,8mm Cassette,1978-02-06,2,TC_069_02,780206 1/2,00:00-03:39,03:36:00,GMG,,N,
213,TC_069,,8mm Cassette,1978-02-06,1,TC_069_01,780206 1/2,00:03-26:53,26:49:00,"GMG slight pause 14:36-14:40, slight pause, brief talking 26:56-27:11",00:03-26:53,Y,
214,TC_070,"Pacific Film Archive. Berkeley, California.",8mm Cassette,1978-03-02,,TC_070_01,780302 Pacific Film Archive,00:00-27:22,25:40:00,"GMG doesn't start until 00:51, Silence 19:14-20:10,  26:32-27:27:22. These two silent parts are part of a performance?",,N,
215,TC_071,"Conrad family home. Baldwin, Maryland. Steinway piano.",8mm Cassette,1978-03-18,3,TC_071_02,780318 1/2 Baldwin,00:00-30:56,30:55:00,GMG,,N,L channel drop outs
216,TC_071,"Conrad family home. Baldwin, Maryland. Steinway piano.",8mm Cassette,1978-03-18,1,TC_071_01,780318 1/2 Baldwin,00:00-27:00,26:49:00,GMG  Click at 15:56,,N,
217,TC_071,"Conrad family home. Baldwin, Maryland. Steinway piano.",8mm Cassette,1978-03-18,2,TC_071_01,780318 1/2 Baldwin,27:00-30:55,03:53:00,GMG,,N,
218,TC_072,"Conrad family home. Baldwin, Maryland. Steinway piano. With Dan.",8mm Cassette,1978-03-18,4,TC_072_01,780318 3 Tony & Dan / 780319 1,00:01-22:25,22:23:00,"GMG Brief talking at 00:10, doesn't disrupt playing",,N,R channel drop out
219,TC_072,"Conrad family home. Baldwin, Maryland. Steinway piano. With Dan.",8mm Cassette,1978-03-18,5,TC_072_01,780318 3 Tony & Dan / 780319 1,22:30-27:50,05:18:00,GMG,,N,R channel drop out
220,TC_072,"Conrad family home. Baldwin, Maryland. Steinway piano. With Dan.",8mm Cassette,1978-03-18,6,TC_072_01,780318 3 Tony & Dan / 780319 1,27:52-30:58,03:05:00,GMG,,N,R channel drop out
221,TC_072,"Conrad family home. Baldwin, Maryland. Steinway piano.",8mm Cassette,1978-03-19,1,TC_072_02,780318 3 Tony & Dan / 780319 1,00:00-30:57,30:59:00,GMG,,N,
222,TC_073,"Conrad family home. Baldwin, Maryland. Steinway piano. With Dan.",8mm Cassette,1978-03-19,2,TC_073_01,780319 1/2 Tony & Dan Baldwin. Copy of Dans original.,00:00-30:12,30:08:00,GMG Brief talking 27:55-28:06,,N,R channel missing
223,TC_073,"Conrad family home. Baldwin, Maryland. Steinway piano. With Dan.",8mm Cassette,1978-03-19,3,TC_073_02,780319 1/2 Tony & Dan Baldwin. Copy of Dans original.,00:00-30:09,30:11:00,"GMG 01:14- 01:34, Cuts out/ Brief Talking",,N,
224,TC_074,"Conrad family home. Baldwin, Maryland. Steinway piano.",8mm Cassette,1978-03-20,,TC_074_02,780319 Baldwin / 780320,00:00-14:03,13:58:00,GMG,,N,
225,TC_074,"Conrad family home. Baldwin, Maryland. Steinway piano.",8mm Cassette,1978-03-19,4,TC_074_01,780319 Baldwin / 780320,00:00-16:11,16:06:00,"GMG Silence / Dropout 02:36-02:42, Brief pause 14:20-14:41 (seems to be part of the performance)",,N,
226,TC_074,"Conrad family home. Baldwin, Maryland. Steinway piano.",8mm Cassette,1978-03-19,5,TC_074_01,780319 Baldwin / 780320,17:15-30:54,13:38:00,"GMG 03:15 - 03:22 Brief pause, faint talking in background.",,N,
227,TC_075,"Anne's house. Newton, Massachusetts.",8mm Cassette,1978-03-25,1,TC_075_01,780325 1/2 Annes piano,00:00-12:52,12:44:00,GMG,,N,
228,TC_075,"Anne's house. Newton, Massachusetts.",8mm Cassette,1978-03-25,2,TC_075_01,780325 1/2 Annes piano,14:02-17:09,02:27:00,GMG Silence 01:16 - 01:27,,N,
229,TC_075,"Anne's house. Newton, Massachusetts.",8mm Cassette,1978-03-25,3,TC_075_01,780325 1/2 Annes piano,17:16-29:52,12:27:00,GMG Brief silence 10:36-10:41,,N,
230,TC_075,"Anne's house. Newton, Massachusetts.",8mm Cassette,1978-03-25,4,TC_075_02,780325 1/2 Annes piano,00:00-15:13,15:11:00,GMG,,N,
231,TC_076,,8mm Cassette,1978-04-26,,TC_076_01,780426,00:00-41:00,40:59:00,GMG 31:06 - 31:12 Session break?,00:00-41:00,Y,L channel missing
232,TC_077,X,8mm Cassette,X,X,X,780607 First half erased by 780608 3 / 780608 3 / 78060708,X,x,,,,
233,TC_078,,8mm Cassette,1978-06-25,1,TC_078_01,780625 1/2,00:00-30:44,30:45:00,GMG 00:53 - 01:02 Brief silence,,N,
234,TC_078,,8mm Cassette,1978-06-25,2,TC_078_02,,00:00-30:44,30:33:00,"GMG Brief silence 13:57 - 14:02 , 14:21 - 14:26 Slight click?, Silence 26:41 - 26:56",,N,
235,TC_079,,8mm Cassette,1978-06-28,1,TC_079_02,780627 / 780628,00:00-14:03,13:50:00,"GMG ""I don't want any business"" 00:00 -  00:24",,N,
236,TC_079,,8mm Cassette,1978-06-28,2,TC_079_02,780627 / 780628,14:05-30:47,16:34:00,GMG Brief silence 11:04 - 11:11,,N,
237,TC_079,,8mm Cassette,1978-06-27,,TC_079_01,780627 / 780628,00:00-30:49,30:44:00,GMG,,N,
238,TC_080,,8mm Cassette,1978-06-29,1,TC_080_01,780629 1/2,00:00-46:14,46:09:00,"GMG 01:00 - 01:07 Brief pause in playing, Left Channel messed up 21:06 - 46:09",,N,
239,TC_080,,8mm Cassette,1978-06-29,2,TC_080_02,780629 1/2,00:00-46:14,46:14:00,"GMG 30:15 - 30:36 brief silence/ rustling, 40:46 - 41:26 Silence",,N,
240,TC_081,,8mm Cassette,1978-07-03,1,TC_081_02,780629 3 Occasional voice / 780703 1,00:00-46:20,46:18:00,GMG Silence 29:58 - 30:20,00:00-46:13,N,
241,TC_081,,8mm Cassette,1978-06-29,3,TC_081_01,780629 3 Occasional voice / 780703 1,00:00-46:20,46:17:00,GMG Break 39:24 -  39:39,00:00-46:20,Y,R channel low level/distorted
242,TC_082,,8mm Cassette,1978-07-03,2,TC_082_01,780703 2/3,00:00-30:45,30:43:00,GMG,,N,
243,TC_082,,8mm Cassette,1978-07-03,3,TC_082_02,780703 2/3,00:00-30:50,30:46:00,GMG,,N,R channel low level
244,TC_083,,8mm Cassette,1978-07-04,1,TC_083_01,780704 / 780709,00:00-28:20,28:16:00,"GMG Silence 28:18 - 28:48 , Brief silence 32:44 - 33:03, Silence/Talking  40:15 - 41:27",00:00-28:20,Y,
245,TC_083,,8mm Cassette,1978-07-09,,TC_083_02,780704 / 780709,00:00-46:20,46:18:00,GMG Silence 22:56 - 23:22,,N,
246,TC_084,,8mm Cassette,1978-07-06,1,TC_084_01,780706 1/2,00:00-30:36,30:35:00,"GMG ""You dont want any culture"" 00:00- 08:09, Silence 20:52 - 21:14, Silence 21:40-22:04, Silence 28:11 - 28:24",,N,
247,TC_084,,8mm Cassette,1978-07-06,2,TC_084_02,780706 1/2,00:00-10:06,09:58:00,GMG,,N,
248,TC_084,,8mm Cassette,1978-07-06,3,TC_084_02,780706 1/2,10:08-30:36,19:44:00,"GMG 04:19 - 4:29 Brief silence, A ""Click"" at 4:46",,N,
249,TC_085,,8mm Cassette,1978-07-11,1,TC_085_01,780711 1/2 green label,00:00-30:38,30:02:00,GMG 02:50 - 03:04 Brief silence,,N,
250,TC_085,,8mm Cassette,1978-07-11,2,TC_085_02,780711 1/2 green label,00:00-30:46,30:42:00,GMG,,N,
251,TC_086,,8mm Cassette,1978-07-11,3,TC_086_01,780711 1/2 yellow label,00:00-30:37,30:35:00,GMG,,N,
252,TC_086,,8mm Cassette,1978-07-11,4,TC_086_02,780711 1/2 yellow label,00:00-30:36,30:36:00,"GMG 07:23 - 07:40 Brief silence, Silence/muttering 18:40 - 18:57",,N,
253,TC_087,,8mm Cassette,1978-07-11,5,TC_087_01,780711 2/3 yellow label,00:00-30:45,30:40:00,GMG 04:13- 04:23 Brief pause,,N,
254,TC_087,,8mm Cassette,1978-07-11,6,TC_087_02,780711 2/3 yellow label,00:00-30:46,30:46:00,GMG 06:42 - 08:12 Tony vocalizing/muttering,,N,
255,TC_088,,8mm Cassette,1978-07-12,1,TC_088_01,780712 1/2,00:00-30:47,30:45:00,GMG,30:47 (cut off),Y,
256,TC_088,,8mm Cassette,1978-07-12,2,TC_088_02,780712 1/2,00:00-30:48,30:49:00,GMG abrupt end,,N,
257,TC_089,,8mm Cassette,1978-07-19,1,TC_089_01,780719 1/2 1 (last section side 1) & 2 / Car:Enter Buffalo(2) 7/18/78,10:11-30:41,20:25:00,GMG 00:54-01:09 Brief pause,,N,
258,TC_089,,8mm Cassette,1978-07-19,2,TC_089_02,780719 1/2 1 (last section side 1) & 2 / Car:Enter Buffalo(2) 7/18/78,00:00-30:39,30:39:00,GMG 19:34 Clicks (it's probably him just banging on stuff?),,N,
259,TC_090,,8mm Cassette,1978-07-19,3,TC_090_01,780719 3 / 780724 1,00:00-30:31,30:26:00,GMG,,N,
260,TC_090,,8mm Cassette,1978-07-24,4,TC_090_02,780719 3 / 780724 1,00:00-30:38,30:40:00,GMG,,N,
261,TC_091,,8mm Cassette,1978-07-26,1,TC_091_01,780726 1/2,00:00-30:39,30:37:00,GMG 22:36 -22:42 Click/pause,,N,
262,TC_091,,8mm Cassette,1978-07-26,2,TC_091_02,780726 1/2,00:00-30:38,30:39:00,GMG 23:48 - 23:52 Russling,,N,
263,TC_092,,8mm Cassette,1978-07-27,1,TC_092_01,780727 1/2,00:00-46:29,46:28:00,GMG,,N,
264,TC_092,,8mm Cassette,1978-07-27,2,TC_092_02,780727 1/2,16:56-46:40,29:37:00,GMG 03:35 -  03:51 Silence,,N,
265,TC_093,,8mm Cassette,1978-08-02,1,TC_093_01,780802 / 780803,00:01-30:41,30:41:00,GMG,,N,
266,TC_093,,8mm Cassette,1978-08-03,2,TC_093_02,780802 / 780803,00:00-30:45,30:45:00,GMG 19:10 Session break?,,N,
267,TC_094,,8mm Cassette,1978-08-04,1,TC_094_01,780803 3 / 780804 1/2,24:39-31:18,06:37:00,GMG,,N,
268,TC_094,,8mm Cassette,1978-08-04,2,TC_094_02,780803 3 / 780804 1/2,00:00-31:18,31:18:00,GMG,Slightly cut off at end,N,"Audio only on one channel, need to fix or make mono."
269,TC_094,,8mm Cassette,"1978-08-03, 1978-08-04",,TC_094_01,780803 3 / 780804 1/2,00:02-24:15,24:14:00,GMG,,N,"Audio only on one channel, need to fix or make mono."
270,TC_095,,8mm Cassette,1978-08-10,,TC_095_02,780808 (Anne's tape recorder) / 780810,00:02-30:55,30:55:00,GMG,,N,
271,TC_095,,8mm Cassette,1978-08-08,1,TC_095_01,780808 (Anne's tape recorder) / 780810,00:06-28:38,28:35:00,GMG,00:06-28:38,Y,
272,TC_096,,8mm Cassette,1978-10-Unknown,,TC_096_01,7809## / 78100#,00:00-27:27,27:25:00,GMG,00:00-27:27,Y,
273,TC_096,,8mm Cassette,1978-09-Unknown,,TC_096_02,7809## / 78100#,00:00-30:40,30:32:00,GMG,00:00-30:40,Y,
274,TC_097,"Yellow Springs, Ohio. Ted's piano.",8mm Cassette,"1978-09-04, 1978-09-05",,TC_097_02,78090405 Ted's recorder Ted's piano (s. 1 only) / WYSO 7/30-1/78 pt 3,00:02-31:16,31:14:00,GMG At the end you hear the tape getting shut off,,N,Low levels
275,TC_097,X,8mm Cassette,X,X,X,78090405 Ted's recorder Ted's piano (s. 1 only) / WYSO 7/30-1/78 pt 3,X,x,,,,
276,TC_098,,8mm Cassette,1978-09-20,,TC_098_01,780920 Piano with battery failure / 781013141/2,00:00-12:36,12:38:00,GMG,,N,
277,TC_098,,8mm Cassette,"1978-10-13, 1978-10-14",1,TC_098_01,780920 Piano with battery failure / 781013141/2,12:45-31:50,18:07:00,GMG 01:23- 01:35 Tape break?,,N,
278,TC_098,,8mm Cassette,"1978-10-13, 1978-10-14",2,TC_098_02,780920 Piano with battery failure / 781013141/2,00:00-05:33,05:34:00,GMG,,N,
279,TC_099,,8mm Cassette,1978-09-22,,TC_099_01,780922 / 780927,00:00-31:11,31:10:00,GMG,,N,
280,TC_099,,8mm Cassette,1978-09-27,,TC_099_02,780922 / 780927,00:00-21:11,21:09:00,GMG 11:10 - 11:20 brief pause,,N,
281,TC_100,,8mm Cassette,1978-10-05,,TC_100_01,781005 / 781106 2,00:00-30:29,30:27:00,GMG,00:00-30:29,Y,
282,TC_100,,8mm Cassette,1978-11-06,,TC_100_02,781005 / 781106 2,00:00-30:33,30:34:00,"GMG 10:02 - 10:28 Talking interruption, 11:35-11:42 Pause",,N,
283,TC_101,X,8mm Cassette,X,X,X,78101#16,X,x,x,,,
284,TC_101,X,8mm Cassette,X,X,X,78101#16,X,x,x,,,
285,TC_102,,8mm Cassette,1978-10-24,,TC_102_02,781024 1/2 (ch 2 only on most of 2),00:00-30:36,28:47:00,GMG No piano_ was there a mistake?,,,
286,TC_102,X,8mm Cassette,X,X,X,781024 1/2 (ch 2 only on most of 2),X,x,x,,,
287,TC_103,Unknown public library. Electric piano.,8mm Cassette,1978-10-26,1,TC_103_01,781026 Electric piano (Pub. Library)(ch 1 only) / 781106 1,00:00-30:53,30:52:00,GMG 18:50-18:56 brief pause,,N,
288,TC_103,Unknown public library. Electric piano.,8mm Cassette,1978-10-26,2,TC_103_02,781026 Electric piano (Pub. Library)(ch 1 only) / 781106 1,00:00-30:53,30:52:00,GMG Abrupt end,,N,
289,TC_104,,8mm Cassette,1978-10-27,1,TC_104_01,781027 1/2 (chan 1 only),00:00-30:55,30:54:00,GMG Fade out is wierd,,N,
290,TC_104,,8mm Cassette,1978-10-27,2,TC_104_02,781027 1/2 (chan 1 only),00:06-30:55,30:48:00,GMG,,N,
291,TC_105,,8mm Cassette,1978-11-01,,TC_105_01,781101 / 781105 1,00:00-30:42,30:42:00,"GMG 09:34 - 09:48 Silence , 23:09 - 23:30 Silence",,N,
292,TC_105,,8mm Cassette,1978-11-05,1,TC_105_02,781101 / 781105 1,00:00-30:43,30:42:00,GMG,,N,R channel drops out in some parts. Need to fix or make mono
293,TC_106,,8mm Cassette,1978-11-05,2,TC_106_01,781105 2 / 781116 1,00:00-46:05,46:04:00,GMG,,N,
294,TC_106,,8mm Cassette,1978-11-16,1,TC_106_02,781105 2 / 781116 1,00:00-46:05,46:05:00,GMG 25:20 - 25:50 Session break? 26:23 - 27:00 Talking/Session break?,,N,R channel missing majority of tape
295,TC_107,X,8mm Cassette,X,X,X,781113 1/2 1 (is this blank?)/2,X,x,x,,,
296,TC_108,,8mm Cassette,1978-11-16,2,TC_108_01,781116 2,00:02-04:05,04:03:00,GMG Awkward end,,N,
297,TC_109,"Media Study storefront. University at Buffalo, New York. Weber piano. With Andre and John.",8mm Cassette,1978-11-17,1,TC_109_01,781117 Media Study storefront; w/ Andre Zdravic John Minkowski (s. 1),00:00-27:56,27:44:00,GMG 23:02 - 27:44 Talking... but he's describing the project and his interest in naive piano playing,,N,
298,TC_109,"Media Study storefront. University at Buffalo, New York. Weber piano. With Andre and John.",8mm Cassette,1978-11-17,2,TC_109_01,781117 Media Study storefront; w/ Andre Zdravic John Minkowski (s. 1),28:00-30:42,02:42:00,GMG,Slightly cut off at end,N,
299,TC_110,"Conrad family home. Baldwin, Maryland. Steinway piano.",8mm Cassette,1978-11-24,1,TC_110_01,781124 1/2 Events in Baldwin at the Steinway,00:00-12:20,12:14:00,"GMG 12:20-13:23 Kid hurts themselves, crying",00:00-12:20,Y,
300,TC_110,"Conrad family home. Baldwin, Maryland. Steinway piano.",8mm Cassette,1978-11-24,2,TC_110_02,781124 1/2 Events in Baldwin at the Steinway,00:00-30:38,30:38:00,HVD,,N,
301,TC_111,"Hallwalls Contemporary Art Center. Buffalo, New York.",8mm Cassette,1979-01-15,1,TC_111_01,790115 1/2 Piano at Hallwalls,00:00-02:53,02:54:00,HVD,,N,
302,TC_111,"Hallwalls Contemporary Art Center. Buffalo, New York.",8mm Cassette,1979-01-15,2,TC_111_01,790115 1/2 Piano at Hallwalls,03:35-29:58,26:23:00,HVD,,N,
303,TC_111,"Hallwalls Contemporary Art Center. Buffalo, New York.",8mm Cassette,1979-01-15,3,TC_111_02,790115 1/2 Piano at Hallwalls,02:39-30:00,27:19:00,HVD,,N,
304,TC_112,"Hallwalls Contemporary Art Center. Buffalo, New York.",8mm Cassette,1979-01-16,1,TC_112_01,790116 1/2 Piano at Hallwalls,00:30-25:38,25:08:00,HVD,,N,
305,TC_112,"Hallwalls Contemporary Art Center. Buffalo, New York.",8mm Cassette,1979-01-16,2,TC_112_01,790116 1/2 Piano at Hallwalls,25:57-30:33,04:36:00,HVD,,N,
306,TC_112,"Hallwalls Contemporary Art Center. Buffalo, New York.",8mm Cassette,1979-01-16,3,TC_112_02,790116 1/2 Piano at Hallwalls,00:16-10:02,09:45:00,HVD,00:16-10:02,Y,
307,TC_113,"Hallwalls Contemporary Art Center. Buffalo, New York.",8mm Cassette,1979-01-17,1,TC_113_01,790117 1/2 Piano at Hallwalls,00:00-30:43,30:43:00,HVD,,N,
308,TC_113,"Hallwalls Contemporary Art Center. Buffalo, New York.",8mm Cassette,1979-01-17,2,TC_113_02,790117 1/2 Piano at Hallwalls,00:00-30:48,30:45:00,HVD,,N,
309,TC_114,"Hallwalls Contemporary Art Center. Buffalo, New York.",8mm Cassette,1979-01-18,1,TC_114_01,790118 1/2 Piano at Hallwalls. SOME OF THE 88's.,00:00-29:55,29:54:00,HVD,,N,
310,TC_114,"Hallwalls Contemporary Art Center. Buffalo, New York.",8mm Cassette,1979-01-18,2,TC_114_02,790118 1/2 Piano at Hallwalls. SOME OF THE 88's.,00:00-23:24,23:25:00,HVD,,N,
311,TC_115,"Hallwalls Contemporary Art Center. Buffalo, New York.",8mm Cassette,1979-01-20,1,TC_115_01,790120 1/2 Piano at Hallwalls,00:00-30:54,30:54:00,HVD,,N,
312,TC_115,"Hallwalls Contemporary Art Center. Buffalo, New York.",8mm Cassette,1979-01-20,2,TC_115_02,790120 1/2 Piano at Hallwalls,00:00-30:54,30:53:00,HVD,,N,
313,TC_116,,8mm Cassette,1979-01-25,,TC_116_02,79012113 Jan 21 (short) / 790123 3 / 790125 1/2,00:00-30:54,30:54:00,HVD,,N,
314,TC_116,"Hallwalls Contemporary Art Center. Buffalo, New York.",8mm Cassette,1979-01-23,3,TC_116_01,79012113 Jan 21 (short) / 790123 3 / 790125 1/2,24:39-30:53,06:14:00,HVD,,N,
315,TC_116,"Hallwalls Contemporary Art Center. Buffalo, New York.",8mm Cassette,1979-01-21,3,TC_116_01,790121 Jan 21 (short) / 790123 3 / 790125 1/2,04:46-24:35,19:50:00,HVD,,N,
316,TC_116,"Hallwalls Contemporary Art Center. Buffalo, New York.",8mm Cassette,1979-01-21,4,TC_116_01,790121Jan 21 (short) / 790123 3 / 790125 1/2,00:09-04:44,04:36:00,HVD,,N,
317,TC_117,"Hallwalls Contemporary Art Center. Buffalo, New York.",8mm Cassette,1979-01-21,1,TC_117_01,790121 1/2 Piano at Hallwalls,00:00-30:52,30:49:00,HVD,Talking 02:40-3:14,N,
318,TC_117,"Hallwalls Contemporary Art Center. Buffalo, New York.",8mm Cassette,1979-01-21,2,TC_117_02,790121 1/2 Piano at Hallwalls,00:08-30:59,30:51:00,HVD,,N,"Drop outs, distortion"
319,TC_118,"Hallwalls Contemporary Art Center. Buffalo, New York.",8mm Cassette,1979-01-22,1,TC_118_01,790122 1/2 Piano at Hallwalls,00:00-30:55,30:52:00,HVD,29:09-29:24 Silence,N,
320,TC_118,"Hallwalls Contemporary Art Center. Buffalo, New York.",8mm Cassette,1979-01-22,2,TC_118_02,790122 1/2 Piano at Hallwalls,00:00-30:46,30:45:00,HVD,,N,
321,TC_119,"Hallwalls Contemporary Art Center. Buffalo, New York.",8mm Cassette,1979-01-23,1,TC_119_01,790123 1/2 Piano at Hallwalls (at head s 2: long solo by Larry Lundy),00:00-31:00,30:55:00,HVD,00:00-31:00,Y,
322,TC_119,"Hallwalls Contemporary Art Center. Buffalo, New York.",8mm Cassette,1979-01-23,2,TC_119_02,790123 1/2 Piano at Hallwalls (at head s 2: long solo by Larry Lundy),00:00-31:17,31:08:00,HVD,,N,
323,TC_120,"Hallwalls Contemporary Art Center. Buffalo, New York.",8mm Cassette,1979-01-24,1,TC_120_01,790124 1/2 Piano at Hallwalls,00:00-30:38,30:38:00,"HVD
",27:51-28:11 Long Silence,N,
324,TC_120,"Hallwalls Contemporary Art Center. Buffalo, New York.",8mm Cassette,1979-01-24,2,TC_120_02,790124 1/2 Piano at Hallwalls,00:00-06:42,06:39:00,"HVD: long pause at 6:40, same performance though?",00:00-06:42,Y,
325,TC_121,"Hallwalls Contemporary Art Center. Buffalo, New York.",8mm Cassette,1979-02-05,1,TC_121_01,790205 Piano at Hallwalls (about 2/3 side 1),00:59-16:40,15:41:00,HVD,,N,R channel drop outs/distortion
326,TC_121,"Hallwalls Contemporary Art Center. Buffalo, New York.",8mm Cassette,1979-02-05,2,TC_121_01,790205 Piano at Hallwalls (about 2/3 side 1),16:53-20:50,03:57:00,HVD,,N,R channel drop outs/distortion
327,TC_122,X,8mm Cassette,X,X,X,790212,X,x,,,,
328,TC_123,,8mm Cassette,1979-02-26,,TC_123_02,790213 Weber / 790226,00:13-28:42,28:29:00,HVD,,N,
329,TC_123,"University at Buffalo, New York. Weber piano.",8mm Cassette,1979-02-13,,TC_123_01,790213 Weber / 790226,00:02-23:33,23:28:00,"HVD: 23:33 half min with no piano
",00:02-23:33,Y,
330,TC_124,"University at Buffalo, New York. Weber piano.",8mm Cassette,1979-02-27,1,TC_124_01,790227 1/2 Weber (C-30),00:02-15:51,15:49:00,HVD,,N,
331,TC_124,"University at Buffalo, New York. Weber piano.",8mm Cassette,1979-02-27,2,TC_124_02,790227 1/2 Weber (C-30),00:02-15:51,15:50:00,HVD,,N,
332,TC_125,"University at Buffalo, New York. Weber piano.",8mm Cassette,1979-02-28,1,TC_125_01,"790228 1/2 W (concluded on tape ""Pi copy"")",09:52-16:07,06:15:00,HVD,,N,
333,TC_126,"University at Buffalo, New York. Weber piano.",8mm Cassette,1979-02-28,2,TC_126_01,790228 3 W (short segment in middle side 1) / PI,00:21-01:00,00:40:00,HVD,,N,
334,TC_126,"University at Buffalo, New York. Weber piano.",8mm Cassette,1979-02-28,3,TC_126_01,790228 3 W (short segment in middle side 1) / PI,01:29-15:24,13:56:00,HVD,,N,
335,TC_126,"University at Buffalo, New York. Weber piano.",8mm Cassette,1979-02-28,4,TC_126_02,790228 3 W (short segment in middle side 1) / PI,00:00-15:30,15:28:00,HVD,,N,
336,TC_127,,8mm Cassette,1979-03-22,1,TC_127_02,790319 / 790322,00:03-16:15,16:06:00,HVD,,N,
337,TC_127,,8mm Cassette,1979-03-22,2,TC_127_02,790319 / 790322,16:17-25:15,08:58:00,HVD,,N,
338,TC_127,,8mm Cassette,1979-03-19,,TC_127_01,790319 / 790322,00:10-30:09,30:00:00,HVD,,N,
339,TC_128,,8mm Cassette,1979-04-06,1,TC_128_01,790406 1/2,00:05-05:37,05:33:00,HVD,,N,
340,TC_128,,8mm Cassette,1979-04-06,2,TC_128_02,790406 1/2,00:07-30:24,30:16:00,,,N,
341,TC_129,"Peterborough, Ontario.",8mm Cassette,1979-04-25,1,TC_129_01,"790425 ""Tiding Over"" at Peterborough Ontario (one side)",00:01-02:36,02:33:00,HVD,,N,"R channel drop outs, distortion. Fix or make mono"
342,TC_129,"Peterborough, Ontario.",8mm Cassette,1979-04-25,2,TC_129_01,"790425 ""Tiding Over"" at Peterborough Ontario (one side)",02:52-23:00,20:05:00,"HVD:from 3:02 no piano for 1.5 min, also at 37:00",02:52-23:00,Y,"R channel drop outs, distortion. Fix or make mono"
343,TC_130,,8mm Cassette,1979-05-20,1,TC_130_01,790520 1/2,00:04-30:48,30:43:00,HVD,,N,
344,TC_130,,8mm Cassette,1979-05-20,2,TC_130_02,790520 1/2,00:00-25:43,25:41:00,HVD,,N,
345,TC_131,With Andre.,8mm Cassette,1979-05-20,3,TC_131_01,790520 3/4 (with Andre Zdravic),00:00-30:55,30:54:00,HVD - no piano side 2 26:00,,N,R channel drop outs/distortion 14:00
346,TC_131,With Andre.,8mm Cassette,1979-05-20,4,TC_131_02,790520 3/4 (with Andre Zdravic),00:00-30:55,30:51:00,HVD,,N,
347,TC_132,"University at Buffalo, New York. Weber piano.",8mm Cassette,1979-05-21,1,TC_132_01,790521 1/2 W,00:00-30:47,30:47:00,HVD,,N,
348,TC_132,"University at Buffalo, New York. Weber piano.",8mm Cassette,1979-05-21,2,TC_132_02,790521 1/2 W,00:00-08:04,08:05:00,HVD,,N,
349,TC_132,"University at Buffalo, New York. Weber piano.",8mm Cassette,1979-05-21,3,TC_132_02,790521 1/2 W,08:09-12:15,04:07:00,HVD,,N,
350,TC_133,"University at Buffalo, New York. Weber piano.",8mm Cassette,1979-05-23,1,TC_133_01,790523 1/2 Weber Getting Better!,00:00-16:04,16:04:00,HVD,,N,
351,TC_133,"University at Buffalo, New York. Weber piano.",8mm Cassette,1979-05-23,2,TC_133_01,790523 1/2 Weber Getting Better!,16:08-30:37,14:29:00,HVD,,N,
352,TC_133,"University at Buffalo, New York. Weber piano.",8mm Cassette,1979-05-23,3,TC_133_02,790523 1/2 Weber Getting Better!,00:00-26:24,26:24:00,HVD:no piano 3:40-4:05,,N,
353,TC_133,"University at Buffalo, New York. Weber piano.",8mm Cassette,1979-05-23,4,TC_133_02,790523 1/2 Weber Getting Better!,26:28-30:49,04:20:00,HVD,,N,
354,TC_134,"University at Buffalo, New York. Weber piano.",8mm Cassette,1979-05-24,1,TC_134_01,790524 1/2 W,00:00-30:51,30:49:00,HVD Pauses/talking,,N,
355,TC_134,"University at Buffalo, New York. Weber piano.",8mm Cassette,1979-05-24,2,TC_134_02,790524 1/2 W,00:00-30:48,30:47:00,HVD,,N,
356,TC_135,"University at Buffalo, New York. Weber piano.",8mm Cassette,1979-05-24,3,TC_135_01,790524 3 W (Fragment) / 790527 1/2,00:00-03:34,03:32:00,HVD,,N,
357,TC_135,"University at Buffalo, New York. Weber piano.",8mm Cassette,1979-05-27,1,TC_135_01,790524 3 W (Fragment) / 790527 1/2,03:37-22:13,18:33:00,HVD,03:37-22:13,Y,
358,TC_135,"University at Buffalo, New York. Weber piano.",8mm Cassette,1979-05-27,2,TC_135_02,790524 3 W (Fragment) / 790527 1/2,00:00-30:56,30:55:00,HVD,,N,
359,TC_136,"University at Buffalo, New York. Weber piano.",8mm Cassette,1979-05-28,1,TC_136_01,"790528 1/2 Weber (at head s 2: first test of ""player piano"" (vorsetzer))",00:00-14:10,14:10:00,HVD,,N,
360,TC_136,"University at Buffalo, New York. Weber piano.",8mm Cassette,1979-05-28,2,TC_136_01,"790528 1/2 Weber (at head s 2: first test of ""player piano"" (vorsetzer))",14:16-30:43,16:27:00,HVD,,N,
361,TC_136,"University at Buffalo, New York. Weber piano.",8mm Cassette,1979-05-28,3,TC_136_02,"790528 1/2 Weber (at head s 2: first test of ""player piano"" (vorsetzer))",00:00-30:36,30:36:00,HVD,,N,
362,TC_137,"University at Buffalo, New York. Weber piano.",8mm Cassette,1979-06-04,1,TC_137_01,790604 W / 790605 1 / David's cembalom 6/3/79 (at head s 1),27:15-43:50,16:35:00,HVD,,N,
363,TC_137,David's cimbalom.,8mm Cassette,1979-06-03,,TC_137_01,790604 W / 790605 1 / David's cembalom 6/3/79 (at head s 1),00:00-13:57,13:53:00,HVD,00:00-13:57,Y,
364,TC_137,"University at Buffalo, New York. Weber piano.",8mm Cassette,1979-06-05,,TC_137_02,790604 W / 790605 1 / David's cembalom 6/3/79 (at head s 1),00:00-43:45,43:45:00,HVD,,N,
365,TC_138,David's cimbalom.,8mm Cassette,1979-06-02,1,TC_138_01,790605 2 W (one side) / David's cembalom 6/2/79 (at head),00:00-14:58,14:58:00,HVD,,N,
366,TC_138,"University at Buffalo, New York. Weber piano.",8mm Cassette,1979-06-02,2,TC_138_01,790605 2 W (one side) / David's cembalom 6/2/79 (at head),15:10-43:35,28:25:00,HVD,,N,
367,TC_139,"University at Buffalo, New York. Weber piano.",8mm Cassette,1979-06-06,1,TC_139_01,790606 1/2 W,00:00-05:38,05:38:00,HVD,,N,
368,TC_139,"University at Buffalo, New York. Weber piano.",8mm Cassette,1979-06-06,2,TC_139_01,790606 1/2 W,05:42-30:30,24:48:00,HVD,,N,
369,TC_139,"University at Buffalo, New York. Weber piano.",8mm Cassette,1979-06-06,3,TC_139_02,790606 1/2 W,00:00-30:38,30:38:00,HVD,,N,
370,TC_140,"University at Buffalo, New York. Weber piano.",8mm Cassette,1979-06-11,1,TC_140_01,790611 1/2 W,00:00-30:38,30:38:00,HVD,,N,
371,TC_140,"University at Buffalo, New York. Weber piano.",8mm Cassette,1979-06-11,2,TC_140_02,790611 1/2 W,00:00-30:41,30:41:00,HVD,,N,
372,TC_141,"University at Buffalo, New York. Weber piano.",8mm Cassette,1979-06-11,3,TC_141_01,790611 3 (one side),00:00-30:55,30:55:00,HVD,,N,
373,TC_142,"University at Buffalo, New York. Weber piano.",8mm Cassette,1979-06-12,1,TC_142_01,790612 1/2 W,00:00-30:49,30:49:00,HVD,,N,
374,TC_142,"University at Buffalo, New York. Weber piano.",8mm Cassette,1979-06-12,2,TC_142_02,790612 1/2 W,00:04-12:14,12:10:00,HVD,,N,
375,TC_142,"University at Buffalo, New York. Weber piano.",8mm Cassette,1979-06-12,3,TC_142_02,790612 1/2 W,12:17-30:49,18:32:00,HVD,,N,
376,TC_143,"University at Buffalo, New York. Weber piano.",8mm Cassette,1979-06-12,4,TC_143_01,790612 3 (one side),00:00-30:52,30:52:00,HVD,,N,
377,TC_144,"University at Buffalo, New York. Weber piano.",8mm Cassette,1979-06-13,1,TC_144_02,790613 1 W (one side) / Sweet Rose of Heaven/.../birds/Heat Wave,00:00-30:45,30:44:00,HVD,,N,
378,TC_144,X,8mm Cassette,X,X,X,790613 1 W (one side) / Sweet Rose of Heaven/.../birds/Heat Wave,X,x,,,,
379,TC_145,"University at Buffalo, New York. Weber piano.",8mm Cassette,1979-06-13,2,TC_145_01,790613 2 W (1/2 side) / Peter Gordon/Eno records,00:00-15:04,15:04:00,HVD,,N,
380,TC_145,X,8mm Cassette,X,X,X,790613 2 W (1/2 side) / Peter Gordon/Eno records,X,x,,,,
381,TC_146,"The Kitchen. New York, New York.",8mm Cassette,1979-06-14,,TC_146_01,790614 Kitchen Piano (warmup) (1/2 side),00:04-23:31,23:27:00,HVD,,N,
382,TC_147,,8mm Cassette,"1979-06-18, 1979-08-20",1,TC_147_01,790618 1/2 / 790820 2,00:00-00:14,00:14:00,HVD,,N,
383,TC_147,,8mm Cassette,"1979-06-18, 1979-08-20",2,TC_147_01,790618 1/2 / 790820 2,00:56-30:45,29:50:00,HVD,,N,
384,TC_147,,8mm Cassette,"1979-06-18, 1979-08-20",3,TC_147_02,790618 1/2 / 790820 2,00:06-10:20,10:13:00,HVD,,N,
385,TC_147,,8mm Cassette,"1979-06-18, 1979-08-20",4,TC_147_02,790618 1/2 / 790820 2,10:23-14:18,03:56:00,HVD,,N,
386,TC_147,,8mm Cassette,"1979-06-18, 1979-08-20",5,TC_147_02,790618 1/2 / 790820 2,14:25-20:53,06:27:00,HVD,,N,
387,TC_147,,8mm Cassette,"1979-06-18, 1979-08-20",6,TC_147_02,790618 1/2 / 790820 2,21:01-30:49,09:47:00,HVD,,N,
388,TC_148,"University at Buffalo, New York. Weber piano.",8mm Cassette,1979-06-19,1,TC_148_01,790619 W (all but last few minutes) / 790620 1/2,00:04-26:04,25:57:00,HVD,,N,Distortion in R channel first few min
389,TC_148,"University at Buffalo, New York. Weber piano.",8mm Cassette,1979-06-19,2,TC_148_01,790619 W (all but last few minutes) / 790620 1/2,26:22-30:20,03:59:00,HVD,,N,
390,TC_148,"University at Buffalo, New York. Weber piano.",8mm Cassette,1979-06-19,3,TC_148_02,790619 W (all but last few minutes) / 790620 1/2,00:00-30:20,30:20:00,HVD,,N,
391,TC_149,"University at Buffalo, New York. Weber piano.",8mm Cassette,1979-06-29,1,TC_149_01,790629 1/2 W,00:00-28:39,28:39:00,HVD,,N,
392,TC_149,"University at Buffalo, New York. Weber piano.",8mm Cassette,1979-06-29,2,TC_149_02,790629 1/2 W,00:00-23:59,23:59:00,HVD,,N,
393,TC_149,"University at Buffalo, New York. Weber piano.",8mm Cassette,1979-06-29,3,TC_149_02,790629 1/2 W,24:11-30:39,06:27:00,HVD,,N,
394,TC_150,,8mm Cassette,1979-07-Unknown,1,TC_150_01,7907## 1/2 June or July (?). 1 & 2 (2/3 of side 2),00:00-30:23,30:20:00,HVD: 20:40- 22:08 no piano,Tons of pauses_ intentional,N,
395,TC_150,,8mm Cassette,1979-07-Unknown,2,TC_150_02,7907## 1/2 June or July (?). 1 & 2 (2/3 of side 2),00:00-07:52,07:50:00,HVD,,N,
396,TC_151,,8mm Cassette,"1979-07-16, 1979-07-17, 1979-07-19",,TC_151_02,790717 1 W (1 of 1)(one side) / Car radio Buffalo Country 7/16-17/79,00:02-30:54,30:51:00,HVD,,N,
397,TC_151,X,8mm Cassette,X,X,X,790717 1 W (1 of 1)(one side) / Car radio Buffalo Country 7/16-17/79,X,x,,,,
398,TC_152,"University at Buffalo, New York. Weber piano.",8mm Cassette,1979-08-06,,TC_152_02,790805 W (except few min @ head) / 790806 / Eno @ Collective 6/15/79,00:00-31:09,31:09:00,HVD,,N,
399,TC_152,"University at Buffalo, New York. Weber piano.",8mm Cassette,1979-08-05,,TC_152_01,790805 W (except few min @ head) / 790806 / Eno @ Collective 6/15/79,06:13-31:09,24:55:00,HVD,,N,
400,TC_153,"University at Buffalo, New York. Weber piano.",8mm Cassette,1979-08-08,1,TC_153_02,790807 1/2 W / 790808 1,00:00-14:16,14:12:00,HVD,,N,
401,TC_153,"University at Buffalo, New York. Weber piano.",8mm Cassette,1979-08-08,2,TC_153_02,790807 1/2 W / 790808 1,14:35-30:34,15:59:00,HVD,,N,
402,TC_153,"University at Buffalo, New York. Weber piano.",8mm Cassette,1979-08-07,1,TC_153_01,790807 1/2 W / 790808 1,00:02-23:27,23:23:00,HVD,00:02-23:27,Y,"Only one channel, needs to be mono?"
403,TC_154,"University at Buffalo, New York. Weber piano.",8mm Cassette,1979-08-08,3,TC_154_01,790808 2 W (one side),00:00-25:13,25:13:00,HVD,,N,
404,TC_154,"University at Buffalo, New York. Weber piano.",8mm Cassette,1979-08-08,4,TC_154_01,790808 2 W (one side),25:21-30:43,05:21:00,HVD,,N,
405,TC_154,"University at Buffalo, New York. Weber piano.",8mm Cassette,1979-08-08,5,TC_154_02,790808 2 W (one side),00:20-06:42,06:21:00,HVD,00:20-06:42,Y,
406,TC_155,"WYSO radio station. Antioch College. Yellow Springs, Ohio.",8mm Cassette,1979-08-13,,TC_155_01,79081315 Yellow Springs / 79081618 / WYSO 8/79,05:47-30:47,24:58:00,HVD,,N,
407,TC_155,"WYSO radio station. Antioch College. Yellow Springs, Ohio.",8mm Cassette,"1979-08-16, 1979-08-18",1,TC_155_02,79081315 Yellow Springs / 79081618 / WYSO 8/79,00:00-03:03,03:03:00,HVD,,N,
408,TC_155,"WYSO radio station. Antioch College. Yellow Springs, Ohio.",8mm Cassette,"1979-08-16, 1979-08-18",2,TC_155_02,79081315 Yellow Springs / 79081618 / WYSO 8/79,21:15-31:30,10:14:00,HVD,,N,
409,TC_156,"Yellow Springs, Ohio. Ted's piano.",8mm Cassette,1979-08-18,1,TC_156_01,"79081819 Teddy's Piano / Radio drama ""Unshackled"" / Singing 8/79",00:00-04:50,04:47:00,HVD,,N,
410,TC_156,"Yellow Springs, Ohio. Ted's piano.",8mm Cassette,1979-08-18,2,TC_156_01,"79081819 Teddy's Piano / Radio drama ""Unshackled"" / Singing 8/79",05:04-07:02,01:55:00,"HVD someone shouting ""HELLOOO"" at very end",,N,
411,TC_156,"Yellow Springs, Ohio. Ted's piano.",8mm Cassette,1979-08-18,3,TC_156_01,"79081819 Teddy's Piano / Radio drama ""Unshackled"" / Singing 8/79",07:03-07:19,00:16:00,HVD,,N,
412,TC_157,"University at Buffalo, New York. Weber piano.",8mm Cassette,1979-08-20,,TC_157_02,790820 1 W (part of side 2) / Car radio 8/19/79 Singing,13:16-30:52,17:34:00,HVD,,N,
413,TC_157,X,8mm Cassette,X,X,X,790820 1 W (part of side 2) / Car radio 8/19/79 Singing,X,x,,,,
414,TC_158,,8mm Cassette,"1979-08-22, 1979-09-04, 1979-09-12, 1979-09-16",1,TC_158_01,790822 Weber(pt of s1) / 790904 2 / 790912 / 790916 / FilmVO 9/26/79,00:00-09:55,09:56:00,HVD short stop around 11:00,,N,
415,TC_158,,8mm Cassette,"1979-08-22, 1979-09-04, 1979-09-12, 1979-09-16",2,TC_158_01,790822 Weber(pt of s1) / 790904 2 / 790912 / 790916 / FilmVO 9/26/79,10:00-26:25,16:25:00,HVD,,N,
416,TC_158,,8mm Cassette,"1979-08-22, 1979-09-04, 1979-09-12, 1979-09-16",3,TC_158_01,790822 Weber(pt of s1) / 790904 2 / 790912 / 790916 / FilmVO 9/26/79,26:37-47:15,20:39:00,HVD,,N,
417,TC_158,,8mm Cassette,"1979-08-22, 1979-09-04, 1979-09-12, 1979-09-16",4,TC_158_02,790822 Weber(pt of s1) / 790904 2 / 790912 / 790916 / FilmVO 9/26/79,00:10-11:36,11:25:00,HVD,,N,
418,TC_158,,8mm Cassette,"1979-08-22, 1979-09-04, 1979-09-12, 1979-09-16",5,TC_158_02,790822 Weber(pt of s1) / 790904 2 / 790912 / 790916 / FilmVO 9/26/79,11:59-24:45,12:48:00,HVD,,N,R channel missing
419,TC_159,"University at Buffalo, New York. Weber piano.",8mm Cassette,1979-08-23,1,TC_159_01,790823 W,00:00-28:12,28:12:00,HVD,,N,
420,TC_159,"University at Buffalo, New York. Weber piano.",8mm Cassette,1979-08-23,2,TC_159_01,790823 W,28:18-31:06,02:49:00,HVD,,N,
421,TC_160,"University at Buffalo, New York. Weber piano.",8mm Cassette,1979-08-25,1,TC_160_01,790825 1/2 W,00:00-30:41,30:42:00,HVD,,N,
422,TC_160,"University at Buffalo, New York. Weber piano.",8mm Cassette,1979-08-25,2,TC_160_02,790825 1/2 W,00:00-30:40,30:38:00,"HVD feedback noise, shuffling around 5:40-6:00, pause 7:18-7:34",slightly cutoff at end,N,
423,TC_161,,8mm Cassette,1979-09-03,,TC_161_01,790903 / 790904 1,00:00-30:31,30:27:00,HVD,,N,
424,TC_161,,8mm Cassette,1979-09-04,,TC_161_02,790903 / 790904 1,00:00-30:56,30:53:00,HVD,,N,
425,TC_162,,8mm Cassette,1979-09-05,,TC_162_01,790905 W,00:00-30:50,30:43:00,HVD end sounds like it's cut off,,N,
426,TC_163,"University at Buffalo, New York. Weber piano.",8mm Cassette,1979-10-16,,TC_163_01,791016 W (2 EV mikes) / 791018,00:00-07:42,07:39:00,HVD 7:40-8:14 silence,00:00-07:42,Y,
427,TC_163,"University at Buffalo, New York. Weber piano.",8mm Cassette,1979-10-18,,TC_163_02,791016 W (2 EV mikes) / 791018,00:00-47:03,47:01:00,,,N,
428,TC_164,,8mm Cassette,1979-10-25,1,TC_164_02,791022 W (date approximate) / 791025,00:00-09:32,09:25:00,HVD 9:53 session break? 29:12-29:28 silence,00:00-09:32,Y,
429,TC_164,,8mm Cassette,1979-10-25,2,TC_164_02,791022 W (date approximate) / 791025,09:48-37:31,27:42:00,HVD ending cut off,09:48-37:31,Y,
430,TC_164,"University at Buffalo, New York. Weber piano.",8mm Cassette,1979-10-22,1,TC_164_01,791022 W (date approximate) / 791025,00:04-12:49,12:44:00,HVD,00:04-12:49,Y,
431,TC_165,"University at Buffalo, New York. Weber piano.",8mm Cassette,1979-10-26,1,TC_165_01,791026 1/2 W,00:04-30:23,30:20:00,HVD singing at beginning and at 1:07-2:00,,N,
432,TC_165,"University at Buffalo, New York. Weber piano.",8mm Cassette,1979-10-26,2,TC_165_02,791026 1/2 W,00:00-31:46,31:45:00,HVD pause 15:10-15:25,slightly cutoff at end,N,
433,TC_166,"University at Buffalo, New York. Weber piano.",8mm Cassette,1979-10-28,1,TC_166_01,791028 1/2 W,00:00-15:31,15:25:00,"HVD someone shouting first ~2 mins, then from 3:30- 4:30, pause 9:40-9:56, 10:02-10:12",00:00-15:31,Y,
434,TC_166,"University at Buffalo, New York. Weber piano.",8mm Cassette,1979-10-28,2,TC_166_02,791028 1/2 W,00:00-31:35,31:34:00,HVD end cut off,,N,
435,TC_167,X,8mm Cassette,X,X,X,"791102 MANY SHORT PIECES: ""Any Time""",X,x,,,,
436,TC_168,"PS1. Long Island City, New York. Steinway piano.",8mm Cassette,1979-11-04,1,TC_168_01,791104 A P.S.1 Warmup (Steinway) / 791110,00:04-11:24,11:18:00,"almost entirely same as 437, this file needs to be regenerated",00:04-11:24,Y,
437,TC_168,,8mm Cassette,1979-11-10,,TC_168_01,791104 A P.S.1 Warmup (Steinway) / 791110,13:35-28:25,14:45:00,"HVD 11:06-13:26 long pause, faint talking, room noises",13:35-28:25,Y,
438,TC_169,"PS1. Long Island City, New York. Steinway piano.",8mm Cassette,1979-11-04,2,TC_169_01,791104 B P.S.1 Concert (Steinway) / David's cembalom 11/4/79,00:00-37:11,36:16:00,HVD,,N,
439,TC_169,David's cimbalom.,8mm Cassette,1979-11-04,3,TC_169_01,791104 B P.S.1 Concert (Steinway) / David's cembalom 11/4/79,37:17-47:16,10:00:00,HVD end a bit cut off,,N,
440,TC_170,"University at Buffalo, New York. Weber piano.",8mm Cassette,1979-11-16,1,TC_170_01,791116 1/2 W 1 & 2 (of 2 1/2),00:04-31:03,30:59:00,HVD,,N,Low levels
441,TC_170,"University at Buffalo, New York. Weber piano.",8mm Cassette,1979-11-16,2,TC_170_02,791116 1/2 W 1 & 2 (of 2 1/2),00:00-31:03,31:02:00,"HVD silence 6:45-6:58, 6:58-7:16, 22:30- 23:00, session break 29:10-29:18?",,N,
442,TC_171,"Hallwalls Contemporary Art Center. Buffalo, New York.",8mm Cassette,1979-11-18,,TC_171_01,791118 Hallwalls Piano (part of one side),00:08-11:24,11:16:00,HVD,,N,
443,TC_172,"Hallwalls Contemporary Art Center. Buffalo, New York. Stuyvesant Pianola piano.",8mm Cassette,1979-11-21,1,TC_172_01,791121 Hallwalls Piano (Stuyvesant pianola),00:00-30:57,30:56:00,HVD,00:00-30:57,Y,
444,TC_172,"Hallwalls Contemporary Art Center. Buffalo, New York. Stuyvesant Pianola piano.",8mm Cassette,1979-11-21,2,TC_172_02,791121 Hallwalls Piano (Stuyvesant pianola),00:02-29:26,29:25:00,HVD,,N,
445,TC_173,"Antioch College. Yellow Springs, Ohio.",8mm Cassette,"1979-11-24, 1979-11-25",1,TC_173_01,79112425 Piano in YSO (end of s 1) / Car radio distorted Delaware OH,14:57-17:23,02:25:00,HVD,14:57-17:23,Y,
446,TC_174,"Hallwalls Contemporary Art Center. Buffalo, New York.",8mm Cassette,1979-12-07,1,TC_174_02,791201 Farfisa Organ (& voice) Hallwalls / 791207 A,00:00-13:22,13:19:00,HVD,,,
447,TC_174,"Hallwalls Contemporary Art Center. Buffalo, New York. Farfisa organ.",8mm Cassette,1979-12-01,1,TC_174_01,791201 Farfisa Organ (& voice) Hallwalls / 791207 A,00:05-47:16,47:10:00,HVD,00:05-12:00,Right channel messed up,
448,TC_175,"University at Buffalo, New York. Weber piano.",8mm Cassette,1979-12-02,,TC_175_01,791202 W (about 3/4 of one side) / 800115 1/2,00:00-17:34,17:34:00,HVD,,N,
449,TC_175,"University at Buffalo, New York. Weber piano.",8mm Cassette,1980-01-15,1,TC_175_01,791202 W (about 3/4 of one side) / 800115 1/2,17:47-30:43,12:55:00,HVD ending cut off,,N,
450,TC_175,"University at Buffalo, New York. Weber piano.",8mm Cassette,1980-01-15,2,TC_175_02,791202 W (about 3/4 of one side) / 800115 1/2,00:04-30:40,30:35:00,HVD,,N,
451,TC_176,"Albany, New York.",8mm Cassette,1979-12-07,2,TC_176_01,791207 B Workspace Albany,00:27-38:27,37:57:00,"HVD more guy talking throughout, def one continuous sesh but lots of pauses",,N,
452,TC_177,"University of California, San Diego. Yamaha piano.",8mm Cassette,1980-01-13,1,TC_177_01,800113 1/2 Yamaha UCSD (first sets),00:00-30:37,30:25:00,HVD end sounds cut off,,N,
453,TC_177,"University of California, San Diego. Yamaha piano.",8mm Cassette,1980-01-13,2,TC_177_02,800113 1/2 Yamaha UCSD (first sets),00:00-30:28,30:24:00,HVD,,N,
454,TC_178,"University of California, San Diego. Yamaha piano.",8mm Cassette,1980-01-16,1,TC_178_01,800116 1/2 Yamaha UCSD,00:00-30:35,30:31:00,HVD,,N,
455,TC_178,"University of California, San Diego. Yamaha piano.",8mm Cassette,1980-01-16,2,TC_178_02,800116 1/2 Yamaha UCSD,00:00-07:30,07:28:00,HVD,00:00-07:30,Y,Low levels
456,TC_179,"University of California, San Diego. Yamaha piano.",8mm Cassette,1980-01-18,1,TC_179_01,"800118 1/2 Yamaha 133 (""I don't like Art"" on ch 1 only in mid side 2)",00:00-01:15,01:07:00,"HVD sounds like he hit stop at 1:14, silence till 2:10, silence 40:55",00:00-01:15,Y,
457,TC_179,"University of California, San Diego. Yamaha piano.",8mm Cassette,1980-01-18,2,TC_179_02,"800118 1/2 Yamaha 133 (""I don't like Art"" on ch 1 only in mid side 2)",00:00-06:00,05:50:00,HVD,,N,
458,TC_180,"University of California, San Diego. Yamaha piano.",8mm Cassette,1980-01-22,1,TC_180_01,800122 1/2 Yamaha 139,00:01-30:49,30:45:00,HVD silence 12:55 - 13:10,,N,
459,TC_180,"University of California, San Diego. Yamaha piano.",8mm Cassette,1980-01-22,2,TC_180_02,800122 1/2 Yamaha 139,00:01-27:05,27:01:00,HVD,,N,
460,TC_181,"University of California, San Diego. Yamaha piano.",8mm Cassette,1980-01-24,,TC_181_01,800124 Yamaha,00:01-46:00,45:59:00,HVD,,N,
461,TC_182,"University of California, San Diego. Yamaha piano.",8mm Cassette,1980-02-27,1,TC_182_01,800227 Yamaha 139 / 800228,00:01-30:55,30:52:00,HVD,,N,
462,TC_182,"University of California, San Diego. Yamaha piano.",8mm Cassette,1980-02-27,2,TC_182_02,800227 Yamaha 139 / 800228,00:04-36:56,30:50:00,HVD,,N,
463,TC_183,"University of California, San Diego. Yamaha piano.",8mm Cassette,1980-03-05,1,TC_183_01,800305 1/2 Yamaha 139,00:01-31:21,31:17:00,HVD,,N,
464,TC_183,"University of California, San Diego. Yamaha piano.",8mm Cassette,1980-03-05,2,TC_183_02,800305 1/2 Yamaha 139,00:02-25:27,25:23:00,HVD end cut off,00:02-25:27,Y,
465,TC_184,"University of California, San Diego. Yamaha piano.",8mm Cassette,1980-03-07,,TC_184_01,800307 Yamaha 139,00:01-46:10,46:09:00,HVD,,N,
466,TC_185,"University of California, San Diego. Yamaha piano.",8mm Cassette,1980-04-27,1,TC_185_01,800427 1/2 Yamaha 139,00:02-30:55,30:52:00,HVD,,N,
467,TC_185,"University of California, San Diego. Yamaha piano.",8mm Cassette,1980-04-27,2,TC_185_02,800427 1/2 Yamaha 139,00:02-30:59,30:55:00,HVD,,N,
468,TC_186,"University of California, San Diego. Yamaha piano.",8mm Cassette,1980-04-28,1,TC_186_01,800428 1/2 Yamaha 139,00:01-30:50,30:44:00,HVD,,N,
469,TC_186,"University of California, San Diego. Yamaha piano.",8mm Cassette,1980-04-28,2,TC_186_02,800428 1/2 Yamaha 139,00:00-30:51,30:50:00,HVD,,N,
470,TC_187,"University of California, San Diego. Yamaha piano.",8mm Cassette,1980-04-29,1,TC_187_01,800429 1/2 Yamaha 139,00:00-30:57,30:56:00,HVD,,N,
471,TC_187,"University of California, San Diego. Yamaha piano.",8mm Cassette,1980-04-29,2,TC_187_02,800429 1/2 Yamaha 139,00:00-31:00,30:58:00,HVD,,N,
472,TC_188,"University of California, San Diego. Yamaha piano.",8mm Cassette,1980-04-30,1,TC_188_01,800430 1/2 Yamaha 136,00:00-31:02,31:00:00,HVD,,N,Drop outs after 28:00
473,TC_188,"University of California, San Diego. Yamaha piano.",8mm Cassette,1980-04-30,2,TC_188_02,800430 1/2 Yamaha 136,00:00-31:05,31:04:00,HVD,,N,
474,TC_189,"University of California, San Diego. Yamaha piano.",8mm Cassette,1980-05-02,1,TC_189_01,800502 1/2 Yamaha 139,00:00-16:50,16:51:00,HVD,,N,
475,TC_189,"University of California, San Diego. Yamaha piano.",8mm Cassette,1980-05-02,2,TC_189_01,800502 1/2 Yamaha 139,17:30-30:55,13:25:00,HVD,,N,
476,TC_189,"University of California, San Diego. Yamaha piano.",8mm Cassette,1980-05-02,3,TC_189_02,800502 1/2 Yamaha 139,00:00-30:53,30:52:00,HVD,,N,
477,TC_190,"Third Street Music School. Buffalo, New York. Steinway piano.",8mm Cassette,1980-05-05,1,TC_190_01,800505 Third St. Steinway,00:00-47:15,47:09:00,"HVD pause 20:13, different feel but sounds like same performance",,N,
478,TC_190,"Third Street Music School. Buffalo, New York. Steinway piano.",8mm Cassette,1980-05-05,2,TC_190_02,800505 Third St. Steinway,00:00-33:00,32:59:00,HVD,,N,
479,TC_190,"Third Street Music School. Buffalo, New York. Steinway piano.",8mm Cassette,1980-05-05,3,TC_190_02,800505 Third St. Steinway,33:12-40:35,07:21:00,HVD,,N,
480,TC_191,"Third Street Music School. Buffalo, New York. Steinway piano.",8mm Cassette,1980-05-06,1,TC_191_01,800506 1/2 Third St. Music School H (1 & pt of 2),00:00-47:14,47:12:00,HVD,,N,
481,TC_191,"Third Street Music School. Buffalo, New York. Steinway piano.",8mm Cassette,1980-05-06,2,TC_191_02,800506 1/2 Third St. Music School H (1 & pt of 2),00:00-47:15,47:13:00,HVD,,N,Left channel cuts out occasionally
482,TC_192,"Third Street Music School. Buffalo, New York. Steinway piano.",8mm Cassette,1980-05-07,1,TC_192_01,800507 1/2 Third St. Music School Steinway,00:05-47:43,47:38:00,"HVD pause 18:36-18:42, 26:59-27:14",,N,
483,TC_192,"Third Street Music School. Buffalo, New York. Steinway piano.",8mm Cassette,1980-05-07,2,TC_192_02,800507 1/2 Third St. Music School Steinway,00:00-47:52,47:49:00,"HVD pause 5:45-50, 7:49-7:56, 24:57-25:08",,N,
484,TC_193,"Third Street Music School. Buffalo, New York. Steinway piano.",8mm Cassette,1980-05-08,1,TC_193_01,800508 1/2 Third St. 1: C. Bechstein 2: Mason & Hamlin,00:03-47:59,47:54:00,HVD talking 6:48,00:03-47:59,Y,
485,TC_193,"Third Street Music School. Buffalo, New York. Steinway piano.",8mm Cassette,1980-05-08,2,TC_193_02,800508 1/2 Third St. 1: C. Bechstein 2: Mason & Hamlin,00:00-47:58,47:57:00,HVD,,N,
486,TC_194,"The Kitchen. New York, New York.",8mm Cassette,1980-05-09,1,TC_194_01,800509 1/2 Kitchen Piano (1 & pt of 2),00:04-22:46,22:39:00,HVD,,N,
487,TC_194,"The Kitchen. New York, New York.",8mm Cassette,1980-05-09,2,TC_194_01,800509 1/2 Kitchen Piano (1 & pt of 2),23:16-47:21,24:05:00,HVD,,N,
488,TC_194,"The Kitchen. New York, New York.",8mm Cassette,1980-05-09,3,TC_194_02,800509 1/2 Kitchen Piano (1 & pt of 2),00:00-32:29,32:28:00,HVD,,N,
489,TC_195,"The Kitchen. New York, New York.",8mm Cassette,1980-05-10,1,TC_195_01,800510 1/2 Kitchen Warmup (1 & pt of 2),01:11-47:27,46:13:00,HVD brief talking 1:10,01:11-47:27,Y,
490,TC_195,"The Kitchen. New York, New York.",8mm Cassette,1980-05-10,2,TC_195_02,800510 1/2 Kitchen Warmup (1 & pt of 2),00:02-34:58,34:55:00,HVD,,N,
491,TC_196,"University of California, San Diego. Yamaha 136 piano.",8mm Cassette,1980-05-12,1,TC_196_01,800512 Yamaha 136 (1 only) / 800515,00:04-47:25,47:15:00,HVD,,N,
492,TC_196,"University of California, San Diego. Yamaha 136 piano.",8mm Cassette,1980-05-12,2,TC_196_02,800512 Yamaha 136 (1 only) / 800515,00:12-47:25,47:11:00,HVD pause maybe session break? 43:03- 43:13,,N,
493,TC_197,"University of California, San Diego. Yamaha CLP 133 piano.",8mm Cassette,1980-05-23,1,TC_197_01,800523 1/2 Yamaha 133,00:04-47:27,47:20:00,HVD pause 4:54-5:13,,N,
494,TC_197,"University of California, San Diego. Yamaha CLP 133 piano.",8mm Cassette,1980-05-23,2,TC_197_02,800523 1/2 Yamaha 133,00:00-9:56,09:55:00,HVD,,N,
495,TC_197,"University of California, San Diego. Yamaha CLP 133 piano.",8mm Cassette,1980-05-23,3,TC_197_02,800523 1/2 Yamaha 133,09:57-47:29,37:28:00,HVD,,N,
496,TC_198,With Barb.,8mm Cassette,1980-05-26,1,TC_198_01,800526 1/2 Memorial Day Y 132. 1:Barb & Tony,00:03-47:26,47:21:00,HVD,,N,
497,TC_198,With Barb.,8mm Cassette,1980-05-26,2,TC_198_02,800526 1/2 Memorial Day Y 132. 1:Barb & Tony,00:00-18:44,18:42:00,HVD,00:00-18:44,Y,
498,TC_199,"University of California, San Diego. Yamaha 140 piano.",8mm Cassette,1980-05-27,1,TC_199_01,800527 1/2 Yamaha 140 (139?),00:00-11:53,11:46:00,HVD,,N,
499,TC_199,"University of California, San Diego. Yamaha 140 piano.",8mm Cassette,1980-05-27,2,TC_199_01,800527 1/2 Yamaha 140 (139?),12:06-47:27,35:20:00,HVD,,N,
500,TC_199,"University of California, San Diego. Yamaha 140 piano.",8mm Cassette,1980-05-27,3,TC_199_02,800527 1/2 Yamaha 140 (139?),00:00-22:16,22:15:00,HVD,,N,
501,TC_200,"University of California, San Diego. Yamaha 140 piano.",8mm Cassette,1980-05-29,1,TC_200_01,800529 Yamaha 140 (2/3 of side 1) / 800530 A,00:00-18:32,17:59:00,"HVD talking 17:50-18:24, presses stop, 27:00 onward, faint talking in bkgrnd for about 10 min",00:00-18:32,Y,
502,TC_200,"University of California, San Diego. Yamaha 140 piano.",8mm Cassette,1980-05-29,2,TC_200_01,800529 Yamaha 140 (2/3 of side 1) / 800530 A,18:43-37:06,18:19:00,"HVD many pauses, same performance though",18:43-37:06,Y,
503,TC_200,"University of California, San Diego. Yamaha 140 piano.",8mm Cassette,1980-05-30,1,TC_200_02,800529 Yamaha 140 (2/3 of side 1) / 800530 A,00:00-07:55,07:45:00,"HVD talking 7:52-8:09, pauses after but same performance",00:00-07:55,Y,
504,TC_201,"University of California, San Diego. Vorsetzer piano.",8mm Cassette,1980-05-30,5,TC_201_01,800530 B UCSD: SONGS (side 1) Vorsetzer (end s 1,00:00-43:13,42:25:00,"HVD 39:00 performance ends, some chatting,",,N,
505,TC_201,"University of California, San Diego. Yamaha 140 piano.",8mm Cassette,1980-05-30,6,TC_201_02,800530 B UCSD: SONGS (side 1) Vorsetzer (end s 1,00:00-00:53,00:53:00,HVD,,N,
506,TC_202,"University of California, San Diego. Yamaha 132 piano.",8mm Cassette,1980-06-10,1,TC_202_01,800610 1/2 Yamaha 132 (1 & 1/2 of side 2) / 800611 1,00:00-17:58,17:54:00,HVD,,N,
507,TC_202,"University of California, San Diego. Yamaha 132 piano.",8mm Cassette,1980-06-10,2,TC_202_01,800610 1/2 Yamaha 132 (1 & 1/2 of side 2) / 800611 1,17:58-47:36,29:37:00,HVD,,N,
508,TC_202,"University of California, San Diego. Yamaha 132 piano.",8mm Cassette,1980-06-11,1,TC_202_02,800610 1/2 Yamaha 132 (1 & 1/2 of side 2) / 800611 1,00:00-11:58,11:58:00,HVD,,N,
509,TC_202,"University of California, San Diego. Yamaha 132 piano.",8mm Cassette,1980-06-11,2,TC_202_02,800610 1/2 Yamaha 132 (1 & 1/2 of side 2) / 800611 1,11:58-21:56,09:45:00,HVD,,N,
510,TC_202,"University of California, San Diego. Yamaha 132 piano.",8mm Cassette,1980-06-11,3,TC_202_02,800610 1/2 Yamaha 132 (1 & 1/2 of side 2) / 800611 1,21:56-47:40,25:44:00,HVD,Slightly cut off at the end,N,
511,TC_203,"University of California, San Diego.",8mm Cassette,1980-06-12,1,TC_203_02,800611 2 Yamaha 136 (about 1/3 side 1) / 800612 1/2,00:00-10:46,10:45:00,"HVD Volume lowers 4:31-5:10, and 8:31 on",,N,
512,TC_203,"University of California, San Diego.",8mm Cassette,1980-06-12,2,TC_203_02,800611 2 Yamaha 136 (about 1/3 side 1) / 800612 1/2,10:46-47:30,36:39:00,HVD,,N,
513,TC_203,"University of California, San Diego. Yamaha 136 piano.",8mm Cassette,1980-06-11,4,TC_203_01,800611 2 Yamaha 136 (about 1/3 side 1) / 800612 1/2,00:00-15:28,15:22:00,HVD,,N,
514,TC_203,"University of California, San Diego. Yamaha 136 piano.",8mm Cassette,1980-06-11,5,TC_203_01,800611 2 Yamaha 136 (about 1/3 side 1) / 800612 1/2,15:28-47:26,31:57:00,HVD,,N,
515,TC_204,"University of California, San Diego. Yamaha 133 piano.",8mm Cassette,1980-06-15,,TC_204_01,800615 Yamaha 133 (abt 3/4 of s 1) / Formula Melodica--not the best,00:15-23:04,22:50:00,HVD shuffling around 0:42-1:03,,N,
516,TC_204,X,8mm Cassette,X,X,X,800615 Yamaha 133 (abt 3/4 of s 1) / Formula Melodica--not the best,X,x,HVD,,,
517,TC_205,"Los Angeles Institute of Contemporary Art, California. Lester Spinet piano.",8mm Cassette,1980-06-20,1,TC_205_01,"800620 LAICA rented Lester spinnet (s1;""I Put Spell""@ head) / 800621",02:48-45:08,42:21:00,HVD 31:05-31:32 interruption,,N,
518,TC_205,"Los Angeles Institute of Contemporary Art, California. Lester Spinet piano.",8mm Cassette,1980-06-21,2,TC_205_02,"800620 LAICA rented Lester spinnet (s1;""I Put Spell""@ head) / 800621",00:04-47:21,47:16:00,"HVD 4:00 ""ah shit"", picks back up 4:32",,N,
519,TC_206,"Los Angeles Institute of Contemporary Art, California. Lester Spinet piano.",8mm Cassette,1980-06-22,1,TC_206_01,800622 A LAICA Warmup (abt 3/4 s 1) / WYSO potpourri,00:00-10:16,10:13:00,"HVD 10:16 pause, ""how's that"", presses stop. sounds like perf picks up in same space",00:00-10:16,Y,
520,TC_206,X,8mm Cassette,X,X,X,800622 A LAICA Warmup (abt 3/4 s 1) / WYSO potpourri,X,x,HVD,,,
521,TC_207,"Los Angeles Institute of Contemporary Art, California. Lester Spinet piano.",8mm Cassette,1980-06-22,2,TC_207_01,800622 1 LAICA 4:00 100 SONGS Lester (breaking 12 keys)(s 1) / 800622 2,00:00-47:15,47:14:00,HVD end sounds cut off,,N,
522,TC_207,"Los Angeles Institute of Contemporary Art, California. Lester Spinet piano.",8mm Cassette,1980-06-22,3,TC_207_02,800622 1 LAICA 4:00 100 SONGS Lester (breaking 12 keys)(s 1) / 800622 2,00:00-02:28,02:26:00,HVD,00:00-02:28,Y,R channel low level
523,TC_208,Barb's house. Fischer piano.,8mm Cassette,1980-10-20,,TC_208_01,801020 Fischer @ Barb's house-Htfd(L chan only)(abt 1/4 side) / 801021,00:00-29:02,29:04:00,"HVD pause 10:17-10:28, odd pause at 13:00, interruption 23:06-23:18",,N,
524,TC_208,Barb's house. Fischer piano.,8mm Cassette,"1980-10-21, 1980-10-22, 1980-10-23",1,TC_208_01,801020 Fischer @ Barb's house-Htfd(L chan only)(abt 1/4 side) / 801021,29:08-47:29,18:21:00,HVD,,N,
525,TC_209,"University at Buffalo, New York. Weber piano.",8mm Cassette,"1980-10-21, 1980-10-22, 1980-10-23",2,TC_209_01,810222231/2 Weber at Prospect Rainy Eve 1:30-2:22am (end s 1,34:52-47:20,12:28:00,HVD,,N,
526,TC_209,"University at Buffalo, New York. Weber piano.",8mm Cassette,"1980-10-21, 1980-10-22, 1980-10-23",3,TC_209_02,810222231/2 Weber at Prospect Rainy Eve 1:30-2:22am (end s 1,00:04:-33:17,33:10:00,"HVD 33:17, 38:36 presses stop?",00:04-33:17,Y,
527,TC_210,"University at Buffalo, New York. Weber piano.",8mm Cassette,"1981-02-28, 1981-04-02",1,TC_210_01,81022801 W (Feb 28-Mar 1)(side 1) / TC@Collective 4/2/81,00:00-12:10,12:08:00,"HVD some pauses, all same performance though",,N,
528,TC_210,"University at Buffalo, New York. Weber piano.",8mm Cassette,"1981-02-28, 1981-04-02",2,TC_210_01,81022801 W (Feb 28-Mar 1)(side 1) / TC@Collective 4/2/81,12:19-47:20,35:02:00,HVD,,N,
529,TC_210,X,8mm Cassette,X,X,X,81022801 W (Feb 28-Mar 1)(side 1) / TC@Collective 4/2/81,X,x,HVD,,,
530,TC_211,"University at Buffalo, New York. Weber piano.",8mm Cassette,1981-03-27,,TC_211_01,810327 W A Snatch of Piano (abt 1/2 s 1) / Car radio (s 1&2),00:00-14:45,14:47:00,HVD,,N,
531,TC_211,X,8mm Cassette,X,X,X,810327 W A Snatch of Piano (abt 1/2 s 1) / Car radio (s 1&2),X,x,HVD,,,
532,TC_212,"University at Buffalo, New York. Weber piano.",8mm Cassette,1981-05-14,,TC_212_01,810514 W (abt 1/4 s 1),00:00-12:32,12:28:00,HVD,,N,
533,TC_213,"University at Buffalo, New York. Weber piano.",8mm Cassette,1981-06-28,1,TC_213_01,810628 W (abt 2/3 s 1),00:00-31:04,31:03:00,HVD ending cut off,,N,
534,TC_213,"University at Buffalo, New York. Weber piano.",8mm Cassette,1981-06-28,2,TC_213_02,810628 W (abt 2/3 s 1),00:00-18:47,18:46:00,HVD,,N,
535,TC_214,Fischer piano.,8mm Cassette,1982-01-04,1,TC_214_01,820104 Broughel Fischer,00:00-03:30,02:58:00,HVD chatting during all pauses,00:00-03:30,Y,
536,TC_214,Fischer piano.,8mm Cassette,1982-01-04,3,TC_214_02,820104 Broughel Fischer,00:00-25:25,25:17:00,HVD phone ring at very end,00:00-25:25,Y,
537,TC_214,Fischer piano.,8mm Cassette,1982-01-04,5,TC_214_02,820104 Broughel Fischer,43:14-47:29,04:11:00,HVD end cut off?,43:14-47:29,Y,
538,TC_215,Rob's electric piano.,8mm Cassette,1982-06-Unknown,1,TC_215_01,8206## 1/2 Electric piano--Rob Danielson's,00:00-47:22,47:22:00,HVD,,N,Left channel drops out 45:05 - 47:22
539,TC_215,Rob's electric piano.,8mm Cassette,1982-06-Unknown,2,TC_215_02,8206## 1/2 Electric piano--Rob Danielson's,00:00-47:22,47:22:00,HVD end cut off?,,N,
540,TC_216,"University at Buffalo, New York. Weber piano.",8mm Cassette,1982-10-20,1,TC_216_01,821020Weber,00:00-09:26,09:28:00,HVD pause 7:45-7:57,,N,
541,TC_216,"University at Buffalo, New York. Weber piano.",8mm Cassette,1982-10-20,2,TC_216_02,821020Weber,00:26-29:31,29:05:00,"HVD pause 22:33-22:44, same performance?",,N,
542,TC_217,"University at Buffalo, New York. Weber piano.",8mm Cassette,"1980-10-25, 1980-10-26, 1980-10-27",1,TC_217_01,82102527 W (abt 4/5 s 1)(date approximately Oct 25-27),00:00-05:10,05:05:00,HVD pause 5:20-5:47,00:00-05:10,Y,
543,TC_218,"University at Buffalo, New York. Weber piano.",8mm Cassette,"1982-11-13, 1982-12-21",1,TC_218_01,821113 W / 821221 1/2,00:00-43:32,43:29:00,"HVD pause 6:56-7:7:18, 23:05-23:16, end cut off",00:00-43:32,Y,
544,TC_218,"University at Buffalo, New York. Weber piano.",8mm Cassette,"1982-11-13, 1982-12-21",2,TC_218_02,821113 W / 821221 1/2,00:00-15:51,15:19:00,"HVD silence, tape noises 15:20-16:20",00:00-15:51,Y,
545,TC_219,X,8mm Cassette,X,X,X,ANY TIME Tony original track,X,x,,,,
546,TC_220,X,8mm Cassette,X,X,X,780608,X,x,,,,
547,TC_220,X,8mm Cassette,X,X,X,780608,X,x,,,,
548,TC_221,,8mm Cassette,Unknown 2,,TC_221_01,No Date 01 TC Piano,00:00-30:50,30:46:00,"HVD talking kid 7:45-8:48, interruption 8:10-8:10, kid shouting 18:10-18:32",,N,
549,TC_222,,8mm Cassette,Unknown 3,1,TC_222_01,No date 02,00:00-30:43,30:37:00,HVD end maybe cut off,,N,
550,TC_222,,8mm Cassette,Unknown 3,2,TC_222_02,No date 02,00:00-20:38,20:37:00,HVD 20:05 ppl walk in,,N,R channel missing
600,TC_034,"University at Buffalo, New York. Weber piano (Heintzman). With Polidori.",8mm Cassette,1977-10-20,2,TC_034_01,771020 1/2 Polidori-Conrad I Weber (Heintzman),13:25-29:26,15:58:00,,13:25-29:26,Y,
601,TC_068,,8mm Cassette,1978-01-24,2,TC_068_01,780124 1/2,25:17-30:41,05:23:00,GMG,25:17-30:41,Y,
602,TC_173,"Antioch College. Yellow Springs, Ohio.",8mm Cassette,"1979-11-24, 1979-11-25",2,TC_173_01,79112425 Piano in YSO (end of s 1) / Car radio distorted Delaware OH,17:24-19:12,01:42:00,HVD,17:24-19:12,Y,
603,TC_173,"Antioch College. Yellow Springs, Ohio.",8mm Cassette,"1979-11-24, 1979-11-25",3,TC_173_01,79112425 Piano in YSO (end of s 1) / Car radio distorted Delaware OH,19:55-21:04,01:50:00,HVD,19:55-21:04,Y,
604,TC_001,"Conrad family home. Baldwin, Maryland. Steinway piano.",8mm Cassette,1976-12-25,3,TC_001_01,761225 1/2,22:51-31:26,08:35:00,Missed session break at 22:50. CMA,22:51-31:26,Y,
605,TC_012,,8mm Cassette,1977-06-06,3,TC_012_01,770606 1/2,10:48-22:30,11:42:00,Session break at 10:45 & 22:30 & 42:33 CMA,10:48-22:30,Y,
606,TC_012,,8mm Cassette,1977-06-06,4,TC_012_01,770606 1/2,22:35-42:26,19:51:00,Session break at 10:45 & 22:30 & 42:33 CMA,22:35-42:26,Y,
607,TC_012,,8mm Cassette,1977-06-06,5,TC_012_01,770606 1/2,42:36-45:40,03:04:00,Session break at 10:45 & 22:30 & 42:33 CMA,42:36-45:40,Y,
608,TC_012,,8mm Cassette,1977-06-06,6,TC_012_02,770606 1/2,29:48-45:16,15:28:00,Session break 29:48 CMA,29:48-45:16,Y,
609,TC_013,,8mm Cassette,1977-06-07,4,TC_013_01,770607 1/2,25:28-31:03,05:32:00,Session break 18:52,25:28-31:03,Y,
610,TC_018,"Conrad family home. Baldwin, Maryland. Steinway piano.",8mm Cassette,1977-08-25,4,TC_018_01,770825 Baldwin,12:46-29:30,16:44:00,ANS 12:38 - 12:53 silence. 29:28 - 29:41 silence / talking in background.,12:46-29:30,Y,
611,TC_018,"Conrad family home. Baldwin, Maryland. Steinway piano.",8mm Cassette,1977-08-25,5,TC_018_01,770825 Baldwin,29:37-31:15,01:37:00,ANS 12:38 - 12:53 silence. 29:28 - 29:41 silence / talking in background.,29:37-31:15,Y,Mono
612,TC_020,,8mm Cassette,1977-08-26,3,TC_020_02,770826 Tony-Piano Baldwin (s 1) (copy of Dans orig?) / Preston piano,11:00-15:08,04:07:00,Session break at 14:51? CMA,11:00-15:08,Y,
613,TC_020,,8mm Cassette,1977-08-26,4,TC_020_02,770826 Tony-Piano Baldwin (s 1) (copy of Dans orig?) / Preston piano,15:10-17:50,02:24:00,Session break at 14:51? CMA,15:10-17:50,Y,
614,TC_020,,8mm Cassette,1977-08-26,5,TC_020_02,770826 Tony-Piano Baldwin (s 1) (copy of Dans orig?) / Preston piano,17:52-23:30,05:38:00,Session break at 14:51? CMA,17:52-23:30,Y,
615,TC_022,,8mm Cassette,1977-09-18,7,TC_022_02,770918 A/B Baldwin Sunday (s 1-Slow Nice s 2-good santur style),13:11-19:05,05:54:00,ANS - 3:53 some talking,13:11-19:05,Y,
616,TC_025,,8mm Cassette,1977-10-11,2,TC_025_01,770919 Baldwin-short (pt of s 1) / 771011,08:55-25:25,16:30:00,Session break 23:30? CMA,08:55-25:25,Y,Low levels- Left side cuts out
617,TC_025,,8mm Cassette,1977-10-11,3,TC_025_01,770919 Baldwin-short (pt of s 1) / 771011,25:26-30:15,04:48:00,Session break 23:30? CMA,25:26-30:15,Y,Low levels- Left side cuts out
618,TC_025,,8mm Cassette,1977-10-11,4,TC_025_01,770919 Baldwin-short (pt of s 1) / 771011,30:15-37:54,07:36:00,Session break 23:30? CMA,30:15-37:54,Y,Low levels- Left side cuts out
619,TC_026,,8mm Cassette,1977-09-20,3,TC_026_01,770920 1/2 Weber (s 2-Good Piece in D with C),11:40- 31:17,19:35:00,CMA,11:40- 31:17,Y,
620,TC_043,,8mm Cassette,1977-11-13,,TC_043_02,771110 Rollin Riot / 771113,25:42-30:54,05:10:00,EK 24:30 - 26:00,25:42-30:54,Y,
621,TC_057,,8mm Cassette,"1977-12-27, 1977-12-28",2,TC_057_01,77122728 / 771228 2,29:03-45:53,16:49:00,EK 28:34 - 29:00,29:03-45:53,Y,"Drop outs, distortion, 00:00 - 15:00"
622,TC_059,"Tiding Over'. The Kitchen. New York, New York.",8mm Cassette,1977-12-29,8,TC_059_01,"771229 Kitchen: Tiding Over I (Dub from 1/4"") (2 sides)",06:27-31:04,24:55:00,"EK silence 4:38-06:10, no fade out",06:27-31:04,Y,
623,TC_067,,8mm Cassette,1978-01-23,3,TC_067_01,780123 1/2 mostly practice,25:33-30:55,05:03:00,"GMG Talking from 24:31-25:36, Warbling from 25:38-26:00",25:33-30:55,Y,
624,TC_069,,8mm Cassette,1978-02-06,3,TC_069_01,780206 1/2,27:03-30:49,03:43:00,"GMG slight pause 14:36-14:40, slight pause, brief talking 26:56-27:11",27:03-30:49,Y,
625,TC_083,,8mm Cassette,1978-07-04,2,TC_083_01,780704 / 780709,28:47-32:51,03:59:00,"GMG Silence 28:18 - 28:48 , Brief silence 32:44 - 33:03, Silence/Talking  40:15 - 41:27",28:47-32:51,Y,
626,TC_083,,8mm Cassette,1978-07-04,3,TC_083_01,780704 / 780709,33:05-40:17,07:12:00,"GMG Silence 28:18 - 28:48 , Brief silence 32:44 - 33:03, Silence/Talking  40:15 - 41:27",33:05-40:17,Y,
627,TC_083,,8mm Cassette,1978-07-04,4,TC_083_01,780704 / 780709,41:01-46:33,04:11:00,"GMG Silence 28:18 - 28:48 , Brief silence 32:44 - 33:03, Silence/Talking  40:15 - 41:27",41:01-46:33,Y,
628,TC_095,,8mm Cassette,1978-08-08,2,TC_095_01,780808 (Anne's tape recorder) / 780810,29:08-30:55,01:46:00,GMG,29:08-30:55,Y,
629,TC_096,,8mm Cassette,1978-10-Unknown,,TC_096_01,7809## / 78100#,27:43-30:36,02:50:00,GMG,27:43-30:36,Y,
630,TC_110,"Conrad family home. Baldwin, Maryland. Steinway piano.",8mm Cassette,1978-11-24,3,TC_110_01,781124 1/2 Events in Baldwin at the Steinway,13:24-30:36,17:08:00,"GMG 12:20-13:23 Kid hurts themselves, crying",13:24-30:36,Y,
631,TC_112,"Hallwalls Contemporary Art Center. Buffalo, New York.",8mm Cassette,1979-01-16,4,TC_112_02,790116 1/2 Piano at Hallwalls,10:31-30:35,20:01:00,HVD,10:31-30:35,Y,
632,TC_120,"Hallwalls Contemporary Art Center. Buffalo, New York.",8mm Cassette,1979-01-24,3,TC_120_02,790124 1/2 Piano at Hallwalls,6:54-15:47,08:13:00,"HVD: long pause at 6:40, same performance though?",6:54-15:47,Y,
633,TC_123,"University at Buffalo, New York. Weber piano.",8mm Cassette,1979-02-13,,TC_123_01,790213 Weber / 790226,23:58-30:33,06:34:00,"HVD: 23:33 half min with no piano
",23:58-30:33,Y,
634,TC_129,"Peterborough, Ontario.",8mm Cassette,1979-04-25,3,TC_129_01,"790425 ""Tiding Over"" at Peterborough Ontario (one side)",24:30-47:03,22:26:00,"HVD:from 3:02 no piano for 1.5 min, also at 37:00",24:30-47:03,Y,"R channel drop outs, distortion. Fix or make mono"
635,TC_135,"University at Buffalo, New York. Weber piano.",8mm Cassette,1979-05-27,2,TC_135_01,790524 3 W (Fragment) / 790527 1/2,22:25-30:56,12:57:00,HVD,22:25-30:56,Y,
636,TC_153,"University at Buffalo, New York. Weber piano.",8mm Cassette,1979-08-07,2,TC_153_01,790807 1/2 W / 790808 1,23:51-30:34,06:42:00,HVD,23:51-30:34,Y,"Only one channel, needs to be mono?"
637,TC_154,"University at Buffalo, New York. Weber piano.",8mm Cassette,1979-08-08,6,TC_154_02,790808 2 W (one side),07:45-19:37,11:45:00,HVD,07:45-19:37,Y,
638,TC_163,"University at Buffalo, New York. Weber piano.",8mm Cassette,1979-10-16,,TC_163_01,791016 W (2 EV mikes) / 791018,08:16-47:01,38:44:00,,08:16-47:01,Y,
639,TC_164,"University at Buffalo, New York. Weber piano.",8mm Cassette,1979-10-22,2,TC_164_01,791022 W (date approximate) / 791025,12:57-46:53,33:55:00,HVD,12:57-46:53,Y,
640,TC_164,,8mm Cassette,1979-10-25,3,TC_164_02,791022 W (date approximate) / 791025,37:41-46:59,09:16:00,HVD ending cut off,37:41-46:59,Y,
641,TC_166,"University at Buffalo, New York. Weber piano.",8mm Cassette,1979-10-28,3,TC_166_01,791028 1/2 W,15:35-31:37,16:00:00,"HVD someone shouting first ~2 mins, then from 3:30- 4:30, pause 9:40-9:56, 10:02-10:12",15:35-31:37,Y,
642,TC_174,"Hallwalls Contemporary Art Center. Buffalo, New York. Farfisa organ.",8mm Cassette,1979-12-01,2,TC_174_01,791201 Farfisa Organ (& voice) Hallwalls / 791207 A,12:28-47:16,34:46:00,,12:28-47:16,Right channel messed up,
643,TC_178,"University of California, San Diego. Yamaha piano.",8mm Cassette,1980-01-16,2,TC_178_02,800116 1/2 Yamaha UCSD,08:14-30:40,22:25:00,HVD,08:14-30:40,Y,Low levels
644,TC_179,"University of California, San Diego. Yamaha piano.",8mm Cassette,1980-01-18,3,TC_179_01,"800118 1/2 Yamaha 133 (""I don't like Art"" on ch 1 only in mid side 2)",02:09-04:52,02:40:00,"HVD sounds like he hit stop at 1:14, silence till 2:10, silence 40:55",02:09-04:52,Y,
645,TC_179,"University of California, San Diego. Yamaha piano.",8mm Cassette,1980-01-18,4,TC_179_01,"800118 1/2 Yamaha 133 (""I don't like Art"" on ch 1 only in mid side 2)",05:13-46:08,40:53:00,"HVD sounds like he hit stop at 1:14, silence till 2:10, silence 40:55",05:13-46:08,Y,
646,TC_183,"University of California, San Diego. Yamaha piano.",8mm Cassette,1980-03-05,3,TC_183_02,800305 1/2 Yamaha 139,25:56-31:21,05:23:00,HVD end cut off,25:56-31:21,Y,
647,TC_195,"The Kitchen. New York, New York.",8mm Cassette,1980-05-10,2,TC_195_01,800510 1/2 Kitchen Warmup (1 & pt of 2),00:00-01:18,01:04:00,HVD brief talking 1:10,00:00-01:18,Y,
648,TC_198,With Barb.,8mm Cassette,1980-05-26,3,TC_198_02,800526 1/2 Memorial Day Y 132. 1:Barb & Tony,18:50-47:21,28:28:00,HVD,18:50-47:21,Y,
649,TC_200,"University of California, San Diego. Yamaha 140 piano.",8mm Cassette,1980-05-29,3,TC_200_01,800529 Yamaha 140 (2/3 of side 1) / 800530 A,37:19-41:43,04:23:00,,37:19-41:43,Y,
650,TC_200,"University of California, San Diego. Yamaha 140 piano.",8mm Cassette,1980-05-29,4,TC_200_01,800529 Yamaha 140 (2/3 of side 1) / 800530 A,42:30-43:26,00:54:00,,42:30-43:26,Y,
651,TC_200,"University of California, San Diego. Yamaha 140 piano.",8mm Cassette,1980-05-29,5,TC_200_01,800529 Yamaha 140 (2/3 of side 1) / 800530 A,43:53-47:25,03:29:00,,43:53-47:25,Y,
652,TC_200,"University of California, San Diego. Yamaha 140 piano.",8mm Cassette,1980-05-30,2,TC_200_02,800529 Yamaha 140 (2/3 of side 1) / 800530 A,08:09-09:28,01:19:00,,08:09-09:28,Y,
653,TC_200,"University of California, San Diego. Yamaha 140 piano.",8mm Cassette,1980-05-30,3,TC_200_02,800529 Yamaha 140 (2/3 of side 1) / 800530 A,09:38-10:14,00:35:00,,09:38-10:14,Y,
654,TC_200,"University of California, San Diego. Yamaha 140 piano.",8mm Cassette,1980-05-30,4,TC_200_02,800529 Yamaha 140 (2/3 of side 1) / 800530 A,10:31-11:43,01:10:00,,10:31-11:43,Y,
655,TC_206,"Los Angeles Institute of Contemporary Art, California. Lester Spinet piano.",8mm Cassette,1980-06-22,4,TC_206_01,800622 A LAICA Warmup (abt 3/4 s 1) / WYSO potpourri,10:24-34:09,23:44:00,"HVD 10:16 pause, ""how's that"", presses stop. sounds like perf picks up in same space",10:24-34:09,Y,
656,TC_207,"Los Angeles Institute of Contemporary Art, California. Lester Spinet piano.",8mm Cassette,1980-06-22,5,TC_207_02,800622 1 LAICA 4:00 100 SONGS Lester (breaking 12 keys)(s 1) / 800622 2,27:39-33:31,13:04:00,HVD,27:39-33:31,Y,R channel low level
657,TC_209,"University at Buffalo, New York. Weber piano.",8mm Cassette,"1980-10-21, 1980-10-22, 1980-10-23",4,TC_209_02,810222231/2 Weber at Prospect Rainy Eve 1:30-2:22am (end s 1,33:17-47:20,14:01:00,"HVD 33:17, 38:36 presses stop?",33:17-47:20,Y,
658,TC_214,Fischer piano.,8mm Cassette,1982-01-04,2,TC_214_01,820104 Broughel Fischer,03:35-47:25,43:28:00,HVD chatting during all pauses,03:35-47:25,Y,
659,TC_214,Fischer piano.,8mm Cassette,1982-01-04,4,TC_214_02,820104 Broughel Fischer,26:35-43:09,16:16:00,HVD phone ring at very end,26:35-43:09,Y,
660,TC_217,"University at Buffalo, New York. Weber piano.",8mm Cassette,"1980-10-25, 1980-10-26, 1980-10-27",2,TC_217_01,82102527 W (abt 4/5 s 1)(date approximately Oct 25-27),05:47-39:20,33:46:00,,05:47-39:20,Y,
661,TC_218,"University at Buffalo, New York. Weber piano.",8mm Cassette,"1982-11-13, 1982-12-21",4,TC_218_01,821113 W / 821221 1/2,43:45-47:13,03:26:00,"HVD pause 6:56-7:7:18, 23:05-23:16, end cut off",43:45-47:13,Y,
662,TC_218,"University at Buffalo, New York. Weber piano.",8mm Cassette,"1982-11-13, 1982-12-21",3,TC_218_02,821113 W / 821221 1/2,16:30-18:54,02:19:00,,16:30-18:54,Y,
663,TC_137,"University at Buffalo, New York. Weber piano. Test",8mm Cassette,1979-06-04,2,TC_137_01,790604 W / 790605 1 / David's cembalom 6/3/79 (at head s 1),14:03-27:05,13:00:00,HVD,14:03-27:05,Y,
